Tipo NI;CNPJ;Período de Apuraçăo;Data de Transmissăo;Hora Transmissăo;Categoria;Origem;Tipo;Situaçăo;Débito Apurado;Saldo a Pagar
CNPJ;1,03112E+12;01/07/2025;21/08/2025;15:09:52;Geral;eSocial, REINF RET, MIT;Retificadora;Ativa;R$ 134.412,53;R$ 134.347,53
CNPJ;1,03112E+12;01/05/2025;24/06/2025;10:43:42;Geral;eSocial, REINF RET, MIT;Retificadora;Ativa;R$ 113.141,59;R$ 113.076,59
CNPJ;2,12745E+11;01/09/2025;06/10/2025;12:46:05;Geral;eSocial;Original;Ativa;R$ 2.404,92;R$ 2.404,92
CNPJ;2,12745E+11;01/08/2025;03/09/2025;13:51:17;Geral;eSocial;Original;Ativa;R$ 2.399,00;R$ 2.399,00
CNPJ;2,12745E+11;01/07/2025;03/09/2025;16:12:48;Geral;eSocial, REINF RET;Retificadora;Ativa;R$ 2.213,35;R$ 2.213,35
CNPJ;2,12745E+11;01/06/2025;29/07/2025;10:45:51;Geral;eSocial;Retificadora;Ativa;R$ 2.334,61;R$ 2.334,61
CNPJ;2,12745E+11;01/05/2025;03/06/2025;11:24:05;Geral;eSocial;Original;Ativa;R$ 2.478,29;R$ 2.478,29
CNPJ;2,12745E+11;01/04/2025;04/06/2025;10:14:11;Geral;eSocial;Original;Ativa;R$ 2.404,92;R$ 2.404,92
CNPJ;2,12745E+11;01/03/2025;02/05/2025;17:41:40;Geral;eSocial, REINF RET;Retificadora;Ativa;R$ 2.235,93;R$ 2.235,93
CNPJ;2,12745E+11;01/02/2025;17/04/2025;11:43:08;Geral;eSocial;Original;Ativa;R$ 2.333,70;R$ 2.333,70
CNPJ;2,12745E+11;01/01/2025;13/03/2025;14:15:20;Geral;eSocial;Original;Ativa;R$ 2.483,43;R$ 2.483,43
CNPJ;2,12745E+11;01/12/2024;06/02/2025;15:33:04;Geral;eSocial;Original;Ativa;R$ 2.148,46;R$ 2.148,46
CNPJ;2,12745E+11;01/11/2024;09/01/2025;15:43:48;Geral;eSocial;Original;Ativa;R$ 2.385,83;R$ 2.385,83
CNPJ;2,61116E+12;01/06/2025;31/07/2025;10:15:18;Geral;"eSocial, REINF CP, REINF
RET, MIT";Retificadora;Ativa;R$ 1.657.066,78;R$ 1.657.066,78
CNPJ;2,18434E+12;01/05/2025;25/06/2025;12:22:52;Geral;"eSocial, REINF CP, REINF
RET, MIT";Original;Ativa;R$ 757.216,14;R$ 696.223,48
CNPJ;1,56165E+12;01/09/2025;13/10/2025;09:14:16;Geral;eSocial;Original;Ativa;R$ 1.602,43;R$ 1.537,43
CNPJ;1,56165E+12;01/08/2025;08/09/2025;08:39:14;Geral;eSocial;Original;Ativa;R$ 2.048,49;R$ 1.983,49
CNPJ;1,56165E+12;01/07/2025;08/08/2025;09:44:29;Geral;eSocial;Original;Ativa;R$ 1.988,96;R$ 1.923,96
CNPJ;1,56165E+12;01/06/2025;04/07/2025;09:04:14;Geral;eSocial;Original;Ativa;R$ 2.275,87;R$ 2.210,87
CNPJ;1,56165E+12;01/05/2025;09/06/2025;10:24:03;Geral;eSocial;Original;Ativa;R$ 1.946,40;R$ 1.881,40
CNPJ;1,54201E+12;01/08/2025;23/09/2025;13:09:28;Geral;"eSocial, REINF CP, REINF
RET, MIT";Retificadora;Ativa;R$ 78.583,48;R$ 78.583,48
CNPJ;1,54201E+12;01/07/2025;21/08/2025;16:51:31;Geral;"eSocial, REINF CP, REINF
RET, MIT";Retificadora;Ativa;R$ 95.677,52;R$ 95.677,52
CNPJ;1,54201E+12;01/06/2025;29/07/2025;10:45:17;Geral;"eSocial, REINF CP, REINF
RET, MIT";Retificadora;Ativa;R$ 197.823,88;R$ 197.758,88
CNPJ;1,54201E+12;01/05/2025;23/06/2025;12:09:31;Geral;"eSocial, REINF CP, REINF
RET, MIT";Retificadora;Ativa;R$ 78.959,03;R$ 78.959,03
CNPJ;3,53133E+12;01/09/2025;15/10/2025;13:45:17;Geral;"eSocial, REINF CP, REINF
RET";Retificadora;Ativa;R$ 5.678,99;R$ 5.483,99
CNPJ;3,53133E+12;01/07/2025;14/08/2025;10:14:16;Geral;"eSocial, REINF CP, REINF
RET";Retificadora;Ativa;R$ 5.644,38;R$ 5.449,38
CNPJ;3,53133E+12;01/06/2025;11/07/2025;08:00:19;Geral;"eSocial, REINF CP, REINF
RET";Original;Ativa;R$ 5.757,25;R$ 5.562,25
CNPJ;3,53133E+12;01/05/2025;11/06/2025;10:28:41;Geral;"eSocial, REINF CP, REINF
RET";Original;Ativa;R$ 5.656,98;R$ 5.461,98
CNPJ;3,39587E+12;01/09/2025;17/10/2025;15:20:20;Geral;eSocial;Original;Ativa;R$ 93,93;R$ 93,93
CNPJ;3,39587E+12;01/08/2025;17/09/2025;11:29:18;Geral;eSocial, REINF CP;Original;Ativa;R$ 69,20;R$ 0,00
CNPJ;3,39587E+12;01/07/2025;08/08/2025;12:14:01;Geral;eSocial, REINF RET;Retificadora;Ativa;R$ 88,98;R$ 88,98
CNPJ;3,39587E+12;01/06/2025;10/07/2025;15:33:51;Geral;"eSocial, REINF CP, REINF
RET";Retificadora;Ativa;R$ 107,52;R$ 18,54
CNPJ;3,39587E+12;01/05/2025;11/06/2025;11:37:44;Geral;"eSocial, REINF CP, REINF
RET";Retificadora;Ativa;R$ 151,86;R$ 18,54
CNPJ;4,22391E+12;01/06/2025;24/07/2025;09:20:15;Geral;eSocial, REINF RET, MIT;Retificadora;Ativa;R$ 77.115,21;R$ 73.116,15
CNPJ;3,72545E+12;01/09/2025;;;Geral;eSocial, REINF CP;Retificadora;Em andamento;R$ 7.138,24;R$ 7.138,24
CNPJ;3,72545E+12;01/09/2025;29/09/2025;13:32:04;Geral;eSocial;Original;Ativa;R$ 7.138,24;R$ 7.138,24
CNPJ;3,72545E+12;01/08/2025;30/09/2025;15:50:28;Geral;eSocial, REINF CP, MIT;Retificadora;Ativa;R$ 8.362,15;R$ 8.362,15
CNPJ;3,72545E+12;01/07/2025;21/08/2025;17:22:49;Geral;"eSocial, REINF CP, REINF
RET, MIT";Retificadora;Ativa;R$ 7.009,60;R$ 7.009,60
CNPJ;3,72545E+12;01/06/2025;14/07/2025;21:00:17;Geral;"eSocial, REINF CP, REINF
RET, MIT";Retificadora;Ativa;R$ 12.596,82;R$ 12.596,82
CNPJ;3,72545E+12;01/05/2025;23/06/2025;18:25:17;Geral;eSocial, REINF RET, MIT;Retificadora;Ativa;R$ 6.924,08;R$ 6.924,08
CNPJ;3,59705E+12;01/09/2025;10/10/2025;09:46:56;Geral;"eSocial, REINF CP, REINF
RET, MIT";Retificadora;Ativa;R$ 153.984,21;R$ 152.746,41
CNPJ;3,59705E+12;ago/25;30/09/2025;08:54:17;Geral;"eSocial, REINF CP, REINF
RET, MIT";Retificadora;Ativa;R$ 150.158,25;R$ 146.400,58
CNPJ;3,59705E+12;01/07/2025;20/08/2025;13:37:03;Geral;"eSocial, REINF CP, REINF
RET, MIT";Retificadora;Ativa;R$ 149.219,72;R$ 145.462,05
CNPJ;3,59705E+12;01/06/2025;28/07/2025;17:02:30;Geral;"eSocial, REINF CP, REINF
RET, MIT";Retificadora;Ativa;R$ 417.033,19;R$ 413.210,52
CNPJ;3,59705E+12;01/05/2025;18/06/2025;14:26:07;Geral;"eSocial, REINF CP, REINF
RET, MIT";Retificadora;Ativa;R$ 152.209,03;R$ 149.617,65
CNPJ;4,65993E+12;01/08/2025;03/09/2025;09:26:13;Geral;eSocial;Original;Ativa;R$ 771,20;R$ 771,20
CNPJ;4,65993E+12;01/06/2025;04/07/2025;10:04:53;Geral;eSocial;Original;Ativa;R$ 740,48;R$ 740,48
CNPJ;4,65993E+12;01/05/2025;05/06/2025;08:31:56;Geral;eSocial;Original;Ativa;R$ 783,84;R$ 783,84
CNPJ;4,63557E+12;01/09/2025;07/10/2025;11:27:00;Geral;eSocial;Original;Ativa;R$ 15.640,93;R$ 14.142,56
CNPJ;4,63557E+12;01/08/2025;08/09/2025;16:42:28;Geral;eSocial;Original;Ativa;R$ 15.709,59;R$ 13.891,99
CNPJ;4,63557E+12;01/07/2025;04/08/2025;15:37:28;Geral;eSocial;Original;Ativa;R$ 16.162,63;R$ 13.152,77
CNPJ;4,63557E+12;01/06/2025;07/07/2025;16:40:47;Geral;eSocial;Original;Ativa;R$ 15.953,17;R$ 12.943,31
CNPJ;4,63557E+12;01/05/2025;05/06/2025;18:08:57;Geral;eSocial;Original;Ativa;R$ 16.052,87;R$ 12.979,11
CNPJ;5,12573E+12;01/07/2025;22/08/2025;20:45:07;Geral;"eSocial, REINF CP, REINF
RET, MIT";Retificadora;Ativa;R$ 104.070,47;R$ 103.842,97
CNPJ;5,12573E+12;01/05/2025;23/06/2025;23:17:19;Geral;eSocial, REINF RET, MIT;Retificadora;Ativa;R$ 98.532,36;R$ 98.337,36
CNPJ;4,96386E+12;01/09/2025;24/09/2025;16:35:43;Geral;eSocial;Original;Ativa;R$ 1.083,42;R$ 1.083,42
CNPJ;4,96386E+12;01/08/2025;27/08/2025;17:30:49;Geral;eSocial;Original;Ativa;R$ 1.083,42;R$ 1.083,42
CNPJ;4,96386E+12;01/07/2025;29/07/2025;15:38:32;Geral;eSocial;Original;Ativa;R$ 1.083,42;R$ 1.083,42
CNPJ;4,96386E+12;01/06/2025;26/06/2025;18:07:33;Geral;eSocial;Original;Ativa;R$ 1.083,42;R$ 1.083,42
CNPJ;4,96386E+12;01/05/2025;27/05/2025;09:11:47;Geral;eSocial;Original;Ativa;R$ 1.083,42;R$ 1.083,42
CNPJ;4,93506E+12;01/08/2025;30/09/2025;12:27:27;Geral;eSocial, REINF RET, MIT;Retificadora;Ativa;R$ 19.597,31;R$ 19.597,31
CNPJ;4,93506E+12;01/07/2025;15/08/2025;10:36:59;Geral;eSocial, REINF RET, MIT;Retificadora;Ativa;R$ 19.596,04;R$ 19.596,04
CNPJ;4,93506E+12;01/06/2025;14/08/2025;12:40:07;Geral;eSocial, REINF RET, MIT;Retificadora;Ativa;R$ 19.800,97;R$ 19.800,97
CNPJ;4,93506E+12;01/05/2025;17/06/2025;15:13:32;Geral;eSocial, REINF RET, MIT;Retificadora;Ativa;R$ 19.889,10;R$ 19.889,10
CNPJ;5,5345E+12;jul/25;18/08/2025;14:51:25;Geral;"eSocial, REINF CP, REINF
RET, MIT";Retificadora;Ativa;R$ 61.386,32;R$ 61.386,32
CNPJ;5,5345E+12;01/05/2025;20/06/2025;09:32:22;Geral;"eSocial, REINF CP, REINF
RET, MIT";Retificadora;Ativa;R$ 68.284,90;R$ 68.284,90
CNPJ;5,28527E+12;01/09/2025;17/10/2025;10:53:08;Geral;eSocial;Retificadora;Ativa;R$ 18.657,59;R$ 18.657,59
CNPJ;5,28527E+12;01/08/2025;12/09/2025;14:08:35;Geral;eSocial;Retificadora;Ativa;R$ 48.364,69;R$ 48.364,69
CNPJ;5,28527E+12;01/07/2025;18/08/2025;11:47:51;Geral;eSocial;Original;Ativa;R$ 44.939,48;R$ 44.939,48
CNPJ;5,28527E+12;01/06/2025;22/07/2025;09:12:45;Geral;eSocial, MIT;Retificadora;Ativa;R$ 43.123,09;R$ 43.123,09
CNPJ;5,28527E+12;01/05/2025;11/06/2025;11:28:08;Geral;eSocial;Original;Ativa;R$ 40.133,34;R$ 40.133,34
CNPJ;5,21807E+12;01/08/2025;30/09/2025;09:10:07;Geral;"eSocial, REINF CP, REINF
RET, MIT";Retificadora;Ativa;R$ 75.551,32;R$ 75.551,32
CNPJ;5,21807E+12;01/07/2025;23/09/2025;10:28:48;Geral;"eSocial, REINF CP, REINF
RET, MIT";Retificadora;Ativa;R$ 53.953,92;R$ 47.184,01
CNPJ;5,21807E+12;01/06/2025;23/09/2025;10:27:07;Geral;"eSocial, REINF CP, REINF
RET, MIT";Retificadora;Ativa;R$ 171.647,86;R$ 171.647,86
CNPJ;5,21807E+12;01/05/2025;23/09/2025;10:25:46;Geral;"eSocial, REINF CP, REINF
RET, MIT";Retificadora;Ativa;R$ 69.479,83;R$ 69.479,83
CNPJ;5,75578E+12;01/07/2025;21/08/2025;16:47:34;Geral;eSocial, REINF RET, MIT;Retificadora;Ativa;R$ 11.740,38;R$ 11.740,38
CNPJ;5,75578E+12;01/05/2025;23/06/2025;18:36:06;Geral;eSocial, MIT;Retificadora;Ativa;R$ 11.470,26;R$ 11.470,26
CNPJ;5,6712E+12;01/09/2025;15/10/2025;11:10:46;Geral;"eSocial, REINF CP, REINF
RET";Retificadora;Ativa;R$ 40.790,85;R$ 28.186,33
CNPJ;5,6712E+12;01/08/2025;16/09/2025;17:07:45;Geral;"eSocial, REINF CP, REINF
RET";Retificadora;Ativa;R$ 40.394,62;R$ 31.304,53
CNPJ;5,6712E+12;01/07/2025;08/08/2025;16:21:54;Geral;"eSocial, REINF CP, REINF
RET";Retificadora;Ativa;R$ 42.168,05;R$ 35.839,67
CNPJ;5,6712E+12;01/06/2025;16/07/2025;08:51:34;Geral;"eSocial, REINF CP, REINF
RET";Retificadora;Ativa;R$ 35.862,15;R$ 23.249,47
CNPJ;5,6712E+12;01/05/2025;09/06/2025;14:31:26;Geral;"eSocial, REINF CP, REINF
RET";Retificadora;Ativa;R$ 35.862,71;R$ 26.140,35
CNPJ;5,59554E+12;01/08/2025;24/09/2025;09:54:22;Geral;"eSocial, REINF CP, REINF
RET, MIT";Retificadora;Ativa;R$ 37.318,53;R$ 37.318,53
CNPJ;5,59554E+12;01/07/2025;21/08/2025;23:47:35;Geral;"eSocial, REINF CP, REINF
RET, MIT";Retificadora;Ativa;R$ 51.343,18;R$ 51.343,18
CNPJ;5,59554E+12;01/06/2025;31/07/2025;14:19:28;Geral;"eSocial, REINF CP, REINF
RET, MIT";Retificadora;Ativa;R$ 199.278,42;R$ 199.278,42
CNPJ;5,59554E+12;01/05/2025;24/06/2025;14:09:44;Geral;"eSocial, REINF CP, REINF
RET, MIT";Retificadora;Ativa;R$ 46.982,48;R$ 46.982,48
CNPJ;7,45296E+12;01/07/2025;01/08/2025;16:55:50;Geral;eSocial, REINF RET;Retificadora;Ativa;R$ 166,98;R$ 166,98
CNPJ;7,45296E+12;01/05/2025;21/05/2025;16:27:12;Geral;eSocial;Original;Ativa;R$ 166,98;R$ 166,98
CNPJ;7,05792E+12;01/09/2025;;;Geral;"eSocial, REINF CP, REINF
RET, MIT";Original;Em andamento;R$ 56.471,98;R$ 56.081,98
CNPJ;7,05792E+12;01/08/2025;02/10/2025;10:37:48;Geral;"eSocial, REINF CP, REINF
RET, MIT";Retificadora;Ativa;R$ 52.518,63;R$ 52.128,63
CNPJ;7,05792E+12;01/07/2025;26/08/2025;09:01:02;Geral;"eSocial, REINF CP, REINF
RET, MIT";Original;Ativa;R$ 62.802,33;R$ 62.412,33
CNPJ;7,05792E+12;01/06/2025;23/07/2025;15:14:37;Geral;"eSocial, REINF CP, REINF
RET, MIT";Original;Ativa;R$ 56.492,72;R$ 29.002,28
CNPJ;7,05792E+12;mai/25;01/07/2025;16:41:46;Geral;"eSocial, REINF CP, REINF
RET, MIT";Retificadora;Ativa;R$ 54.950,45;R$ 54.560,45
CNPJ;5,80535E+12;01/08/2025;15/09/2025;15:42:54;Geral;"eSocial, REINF CP, REINF
RET, MIT";Retificadora;Ativa;R$ 1.012.123,74;R$ 1.004.095,84
CNPJ;5,80535E+12;01/07/2025;25/08/2025;15:35:54;Geral;"eSocial, REINF CP, REINF
RET, MIT";Retificadora;Ativa;R$ 658.185,16;R$ 652.139,89
CNPJ;5,80535E+12;01/06/2025;11/09/2025;16:34:08;Geral;"eSocial, REINF CP, REINF
RET, MIT";Retificadora;Ativa;R$ 1.241.382,61;R$ 1.241.317,61
CNPJ;5,80535E+12;01/05/2025;23/06/2025;09:29:01;Geral;"eSocial, REINF CP, REINF
RET, MIT";Original;Ativa;R$ 717.709,76;R$ 717.644,76
CNPJ;7,61569E+12;01/07/2025;08/08/2025;09:55:05;Geral;eSocial;Original;Ativa;R$ 1.521,27;R$ 1.421,60
CNPJ;7,61569E+12;01/05/2025;09/06/2025;09:05:01;Geral;eSocial;Original;Ativa;R$ 1.549,96;R$ 1.549,96
CNPJ;7,56724E+12;01/08/2025;23/09/2025;16:07:51;Geral;"eSocial, REINF CP, REINF
RET, MIT";Retificadora;Ativa;R$ 319.817,54;R$ 3.340,07
CNPJ;7,56724E+12;01/07/2025;25/08/2025;13:21:41;Geral;"eSocial, REINF CP, REINF
RET, MIT";Retificadora;Ativa;R$ 321.069,35;R$ 4.088,24
CNPJ;7,56724E+12;01/06/2025;22/07/2025;15:12:55;Geral;"eSocial, REINF CP, REINF
RET, MIT";Retificadora;Ativa;R$ 293.725,15;R$ 57.138,63
CNPJ;7,56724E+12;01/05/2025;25/06/2025;13:43:45;Geral;"eSocial, REINF CP, REINF
RET, MIT";Retificadora;Ativa;R$ 277.408,38;R$ 44.261,28
CNPJ;7,55046E+12;01/08/2025;16/09/2025;09:10:09;Geral;"eSocial, REINF CP, REINF
RET, MIT";Retificadora;Ativa;R$ 216.336,69;R$ 216.074,52
CNPJ;7,55046E+12;01/07/2025;03/09/2025;10:48:19;Geral;"eSocial, REINF CP, REINF
RET, MIT";Retificadora;Ativa;R$ 313.141,63;R$ 312.974,80
CNPJ;7,55046E+12;01/06/2025;06/08/2025;14:03:41;Geral;"eSocial, REINF CP, REINF
RET, MIT";Retificadora;Ativa;R$ 294.943,04;R$ 113.080,30
CNPJ;7,55046E+12;01/05/2025;11/07/2025;10:53:39;Geral;"eSocial, REINF CP, REINF
RET, MIT";Retificadora;Ativa;R$ 207.717,53;R$ 207.587,53
CNPJ;7,79008E+12;01/08/2025;17/09/2025;09:10:05;Geral;MIT;Original;Ativa;R$ 118,54;R$ 118,54
CNPJ;7,79008E+12;01/06/2025;17/07/2025;11:33:37;Geral;MIT;Original;Ativa;R$ 453,31;R$ 453,31
CNPJ;7,79008E+12;01/05/2025;10/06/2025;09:58:27;Geral;MIT;Original;Ativa;R$ 154,29;R$ 154,29
CNPJ;7,7208E+12;01/09/2025;03/10/2025;13:08:22;Geral;eSocial;Retificadora;Ativa;R$ 7.974,55;R$ 6.715,46
CNPJ;7,7208E+12;01/08/2025;04/09/2025;10:24:20;Geral;eSocial;Retificadora;Ativa;R$ 8.061,26;R$ 7.736,26
CNPJ;7,7208E+12;01/07/2025;05/08/2025;08:51:11;Geral;eSocial;Original;Ativa;R$ 8.964,44;R$ 8.505,26
CNPJ;7,7208E+12;01/06/2025;01/07/2025;16:54:04;Geral;eSocial;Original;Ativa;R$ 7.404,58;R$ 6.923,38
CNPJ;7,7208E+12;01/05/2025;03/06/2025;16:09:52;Geral;eSocial;Original;Ativa;R$ 7.258,69;R$ 4.239,86
CNPJ;7,71777E+12;01/09/2025;09/10/2025;14:01:27;Geral;eSocial;Original;Ativa;R$ 15.460,91;R$ 15.460,91
CNPJ;7,71777E+12;01/08/2025;08/09/2025;09:06:26;Geral;eSocial, REINF CP;Original sem movimento;Ativa;R$ 0,00;R$ 0,00
CNPJ;8,27516E+12;01/06/2025;14/07/2025;12:42:58;Geral;eSocial;Original sem movimento;Ativa;R$ 0,00;R$ 0,00
CNPJ;8,27516E+12;01/05/2025;11/06/2025;17:19:07;Geral;eSocial;Original sem movimento;Ativa;R$ 0,00;R$ 0,00
CNPJ;8,24896E+12;01/09/2025;03/10/2025;10:45:52;Geral;eSocial;Original;Ativa;R$ 2.271,84;R$ 2.271,84
CNPJ;8,24896E+12;01/08/2025;04/09/2025;10:39:54;Geral;eSocial;Original;Ativa;R$ 2.538,50;R$ 2.538,50
CNPJ;8,24896E+12;01/07/2025;05/08/2025;12:29:24;Geral;eSocial;Original;Ativa;R$ 2.766,01;R$ 2.766,01
CNPJ;8,24896E+12;01/06/2025;01/07/2025;17:06:57;Geral;eSocial;Original;Ativa;R$ 2.668,47;R$ 2.668,47
CNPJ;8,24896E+12;01/05/2025;03/06/2025;14:59:19;Geral;eSocial;Original;Ativa;R$ 2.392,31;R$ 2.392,31
CNPJ;7,79912E+12;01/08/2025;03/09/2025;18:00:33;Geral;eSocial;Original;Ativa;R$ 104.822,50;R$ 104.822,50
CNPJ;7,79912E+12;01/07/2025;18/08/2025;14:06:10;Geral;eSocial, REINF CP, REINF RET, MIT;Retificadora;Ativa;R$ 386.181,14;R$ 386.181,14
CNPJ;7,79912E+12;01/06/2025;24/07/2025;20:44:30;Geral;eSocial, MIT;Retificadora;Ativa;R$ 171.157,23;R$ 130.322,67
CNPJ;7,79912E+12;01/05/2025;20/06/2025;14:18:34;Geral;eSocial, REINF RET;Retificadora;Ativa;R$ 119.765,63;R$ 43.856,00
CNPJ;9,38987E+12;01/09/2025;03/10/2025;14:48:51;eSocial, REINF RET;eSocial, REINF RET;Retificadora;Ativa;R$ 17.068,41;R$ 17.068,41
CNPJ;9,38987E+12;01/07/2025;24/09/2025;12:03:38;Geral;eSocial, REINF RET;Retificadora;Ativa;R$ 17.749,15;R$ 17.749,15
CNPJ;9,38987E+12;01/06/2025;08/07/2025;10:47:17;Geral;eSocial, REINF RET;Retificadora;Ativa;R$ 18.106,52;R$ 18.106,52
CNPJ;9,38987E+12;01/05/2025;24/06/2025;12:06:48;Geral;eSocial, REINF RET;Retificadora;Ativa;R$ 16.535,99;R$ 16.535,99
CNPJ;9,26136E+12;01/09/2025;10/10/2025;12:13:29;Geral;eSocial;Original;Ativa;R$ 4.723,08;R$ 4.723,08
CNPJ;9,26136E+12;01/08/2025;09/09/2025;17:24:19;Geral;eSocial;Original;Ativa;R$ 4.762,81;R$ 4.762,81
CNPJ;9,26136E+12;01/07/2025;12/08/2025;15:47:53;Geral;eSocial;Original;Ativa;R$ 4.674,57;R$ 4.674,57
CNPJ;9,26136E+12;01/06/2025;09/07/2025;18:18:51;Geral;eSocial;Original;Ativa;R$ 4.603,99;R$ 4.603,99
CNPJ;9,26136E+12;01/05/2025;11/06/2025;15:59:54;Geral;eSocial;Original;Ativa;R$ 4.621,63;R$ 4.621,63
CNPJ;9,10442E+12;01/08/2025;16/09/2025;10:54:15;Geral;eSocial, REINF RET, MIT;Retificadora;Ativa;R$ 16.674,62;R$ 16.674,62
CNPJ;9,10442E+12;01/07/2025;17/08/2025;21:14:49;Geral;eSocial, MIT;Retificadora;Ativa;R$ 17.477,87;R$ 17.477,87
CNPJ;9,10442E+12;01/06/2025;22/07/2025;08:02:06;Geral;eSocial, MIT;Retificadora;Ativa;R$ 118.628,61;R$ 118.628,61
CNPJ;9,10442E+12;01/05/2025;11/06/2025;11:29:14;Geral;eSocial, MIT;Retificadora;Ativa;R$ 14.176,95;R$ 14.176,95
CNPJ;1,02036E+13;01/08/2025;04/09/2025;10:56:49;Geral;eSocial;Original;Ativa;R$ 3.064,60;R$ 3.064,60
CNPJ;1,02036E+13;01/06/2025;01/07/2025;17:18:59;Geral;eSocial;Original;Ativa;R$ 3.321,84;R$ 3.256,84
CNPJ;1,02036E+13;01/05/2025;03/06/2025;12:42:44;Geral;eSocial;Original;Ativa;R$ 3.718,82;R$ 3.653,82
CNPJ;1,01981E+13;01/09/2025;02/10/2025;17:57:57;Geral;eSocial;Original;Ativa;R$ 2.221,87;R$ 2.091,87
CNPJ;1,01981E+13;01/08/2025;03/09/2025;13:30:16;Geral;eSocial;Original;Ativa;R$ 2.307,10;R$ 2.177,10
CNPJ;1,01981E+13;01/07/2025;05/08/2025;09:15:42;Geral;eSocial;Original;Ativa;R$ 2.259,10;R$ 2.129,10
CNPJ;1,01981E+13;01/06/2025;01/07/2025;15:39:06;Geral;eSocial;Original;Ativa;R$ 2.112,91;R$ 1.982,91
CNPJ;1,01981E+13;01/05/2025;03/06/2025;15:43:51;Geral;eSocial;Original;Ativa;R$ 2.093,05;R$ 1.963,05
CNPJ;9,47168E+12;01/08/2025;22/09/2025;22:16:09;eSocial, REINF CP, REINF RET, MIT;eSocial, REINF CP, REINF RET, MIT;Retificadora;Ativa;R$ 75.453,51;R$ 75.453,51
CNPJ;9,47168E+12;01/07/2025;20/08/2025;19:46:27;eSocial, REINF CP, REINF RET, MIT;eSocial, REINF CP, REINF RET, MIT;Retificadora;Ativa;R$ 65.376,21;R$ 44.586,21
CNPJ;9,47168E+12;01/06/2025;25/07/2025;14:19:35;eSocial, REINF CP, REINF RET, MIT;eSocial, REINF CP, REINF RET, MIT;Retificadora;Ativa;R$ 245.456,40;R$ 245.456,40
CNPJ;9,47168E+12;01/05/2025;23/06/2025;23:28:52;eSocial, REINF CP, REINF RET, MIT;eSocial, REINF CP, REINF RET, MIT;Retificadora;Ativa;R$ 50.864,25;R$ 50.864,25
CNPJ;1,0999E+13;01/06/2025;07/07/2025;14:45:02;Geral;eSocial;Original;Ativa;R$ 3.105,95;R$ 3.105,95
CNPJ;1,07887E+13;01/09/2025;07/10/2025;10:45:58;Geral;eSocial;Original;Ativa;R$ 863,38;R$ 863,38
CNPJ;1,07887E+13;01/08/2025;09/09/2025;11:35:31;Geral;eSocial;Original;Ativa;R$ 824,81;R$ 824,81
CNPJ;1,07887E+13;01/07/2025;15/09/2025;14:53:38;Geral;"eSocial, REINF CP, REINF
RET";Retificadora;Ativa;R$ 1.081,75;R$ 1.081,75
CNPJ;1,07887E+13;01/06/2025;08/07/2025;11:24:04;Geral;eSocial;Original;Ativa;R$ 1.053,11;R$ 1.053,11
CNPJ;1,07887E+13;01/05/2025;10/06/2025;11:52:52;Geral;eSocial;Original;Ativa;R$ 1.121,58;R$ 1.121,58
CNPJ;1,04718E+13;01/09/2025;17/10/2025;10:52:05;Geral;"eSocial, REINF CP, REINF
RET";Original;Ativa;R$ 5.713,52;R$ 5.713,52
CNPJ;1,04718E+13;01/08/2025;16/09/2025;18:11:38;Geral;"eSocial, REINF CP, REINF
RET";Original;Ativa;R$ 6.146,68;R$ 6.146,68
CNPJ;1,04718E+13;01/07/2025;18/08/2025;17:55:55;Geral;"eSocial, REINF CP, REINF
RET";Original;Ativa;R$ 6.029,09;R$ 6.029,09
CNPJ;1,04718E+13;01/06/2025;16/07/2025;15:49:47;Geral;"eSocial, REINF CP, REINF
RET";Original;Ativa;R$ 5.654,13;R$ 5.654,13
CNPJ;1,04718E+13;01/05/2025;17/06/2025;18:37:53;Geral;"eSocial, REINF CP, REINF
RET";Original;Ativa;R$ 6.839,55;R$ 6.839,55
CNPJ;1,13181E+13;01/09/2025;03/10/2025;15:26:25;Geral;eSocial, REINF CP, REINF RET, MIT;Retificadora;Ativa;R$ 6.426,15;R$ 6.426,15
CNPJ;1,13181E+13;01/07/2025;11/08/2025;10:11:36;Geral;eSocial, REINF RET, MIT;Retificadora;Ativa;R$ 8.351,69;R$ 8.286,69
CNPJ;1,13181E+13;01/06/2025;03/07/2025;16:36:14;Geral;"eSocial, REINF CP, REINF
RET, MIT";Retificadora;Ativa;R$ 7.781,52;R$ 7.716,52
CNPJ;1,13181E+13;01/05/2025;05/06/2025;11:09:23;Geral;eSocial, REINF RET, MIT;Retificadora;Ativa;R$ 7.816,17;R$ 7.751,17
CNPJ;1,10951E+13;01/09/2025;16/10/2025;19:04:10;Geral;eSocial;Retificadora;Ativa;R$ 21.637,71;R$ 20.262,80
CNPJ;1,10951E+13;01/08/2025;30/09/2025;09:04:15;Geral;eSocial;Original;Ativa;R$ 21.671,68;R$ 20.719,74
CNPJ;1,10951E+13;01/07/2025;15/08/2025;16:23:46;Geral;eSocial;Original;Ativa;R$ 22.847,25;R$ 21.937,25
CNPJ;1,10951E+13;01/06/2025;15/07/2025;16:20:18;Geral;eSocial;Retificadora;Ativa;R$ 21.187,75;R$ 20.342,75
CNPJ;1,10951E+13;01/05/2025;11/06/2025;12:00:04;Geral;eSocial;Retificadora;Ativa;R$ 18.964,60;R$ 18.147,90
CNPJ;1,32578E+13;01/08/2025;09/09/2025;09:59:17;Geral;eSocial;Original;Ativa;R$ 9.972,20;R$ 9.746,71
CNPJ;1,32578E+13;01/06/2025;08/07/2025;08:14:00;Geral;eSocial;Original;Ativa;R$ 10.316,40;R$ 8.638,24
CNPJ;1,32578E+13;01/05/2025;09/06/2025;08:24:01;Geral;eSocial;Original;Ativa;R$ 8.664,22;R$ 6.014,49
CNPJ;1,23769E+13;01/08/2025;22/09/2025;22:12:37;Geral;MIT;Original;Ativa;R$ 3.252,15;R$ 3.252,15
CNPJ;1,23769E+13;01/07/2025;21/08/2025;23:19:12;Geral;MIT;Original;Ativa;R$ 3.169,44;R$ 3.169,44
CNPJ;1,23769E+13;01/06/2025;29/07/2025;10:47:20;Geral;eSocial, MIT;Retificadora;Ativa;R$ 15.602,36;R$ 15.602,36
CNPJ;1,23769E+13;01/05/2025;16/06/2025;21:26:56;Geral;eSocial, MIT;Retificadora;Ativa;R$ 6.756,18;R$ 6.756,18
CNPJ;1,18631E+13;01/09/2025;01/09/2025;12:51:44;"Aferiçăo - CNO
90.006.37098/72";SERO;Original;Ativa;R$ 27.552,92;R$ 27.552,92
CNPJ;1,18631E+13;01/07/2025;21/08/2025;10:41:03;Geral;eSocial, REINF CP, REINF RET, MIT;Retificadora;Ativa;R$ 67.606,74;R$ 67.502,64
CNPJ;1,18631E+13;01/06/2025;06/08/2025;16:47:50;Geral;eSocial, REINF CP, REINF RET, MIT;Retificadora;Ativa;R$ 339.360,80;R$ 339.360,80
CNPJ;1,18631E+13;01/05/2025;16/06/2025;15:11:59;Geral;eSocial, REINF CP, REINF RET, MIT;Retificadora;Ativa;R$ 65.683,20;R$ 65.683,20
CNPJ;1,37925E+13;01/06/2025;31/07/2025;20:16:30;Geral;eSocial, REINF RET;Retificadora;Ativa;R$ 5.794,50;R$ 5.794,50
CNPJ;1,37857E+13;01/09/2025;15/10/2025;17:40:12;Geral;eSocial;Original;Ativa;R$ 470,58;R$ 470,58
CNPJ;1,37857E+13;01/08/2025;12/09/2025;14:12:59;Geral;eSocial;Original;Ativa;R$ 470,58;R$ 470,58
CNPJ;1,37857E+13;01/07/2025;14/08/2025;18:52:22;Geral;eSocial, REINF RET;Retificadora;Ativa;R$ 470,58;R$ 470,58
CNPJ;1,37857E+13;01/06/2025;15/07/2025;14:52:20;Geral;eSocial;Original;Ativa;R$ 470,58;R$ 470,58
CNPJ;1,37857E+13;01/05/2025;11/06/2025;11:21:25;Geral;eSocial;Original;Ativa;R$ 470,58;R$ 470,58
CNPJ;1,34153E+13;01/10/2025;;;Geral;eSocial;Original;Em andamento;R$ 732,99;R$ 732,99
CNPJ;1,34153E+13;01/08/2025;10/09/2025;08:51:54;Geral;eSocial, REINF CP, REINF RET, MIT;Retificadora;Ativa;R$ 39.467,27;R$ 39.337,27
CNPJ;1,34153E+13;01/07/2025;18/08/2025;16:36:05;Geral;eSocial, REINF CP, REINF RET, MIT;Retificadora;Ativa;R$ 26.436,17;R$ 26.306,17
CNPJ;1,34153E+13;01/06/2025;09/07/2025;10:41:51;Geral;eSocial, REINF CP, REINF RET, MIT;Retificadora;Ativa;R$ 44.998,71;R$ 42.696,83
CNPJ;1,34153E+13;01/05/2025;06/06/2025;17:03:59;Geral;eSocial, REINF CP, REINF RET, MIT;Original;Ativa;R$ 22.219,79;R$ 19.917,91
CNPJ;1,41035E+13;01/09/2025;02/10/2025;09:53:44;Geral;eSocial;Original;Ativa;R$ 1.575,44;R$ 1.510,44
CNPJ;1,41035E+13;01/07/2025;05/08/2025;10:19:40;Geral;eSocial;Original;Ativa;R$ 1.493,83;R$ 1.428,83
CNPJ;1,41035E+13;01/06/2025;01/07/2025;16:40:51;Geral;eSocial;Original;Ativa;R$ 1.472,76;R$ 1.407,76
CNPJ;1,41035E+13;01/05/2025;03/06/2025;12:33:07;Geral;eSocial;Original;Ativa;R$ 1.614,98;R$ 1.484,98
CNPJ;1,38411E+13;01/09/2025;13/10/2025;09:28:39;Geral;eSocial;Original;Ativa;R$ 3.791,43;R$ 3.791,43
CNPJ;1,38411E+13;01/08/2025;27/08/2025;17:14:59;Geral;eSocial;Original;Ativa;R$ 4.401,57;R$ 4.401,57
CNPJ;1,38411E+13;01/07/2025;28/07/2025;09:26:14;Geral;eSocial;Original;Ativa;R$ 3.474,77;R$ 3.474,77
CNPJ;1,38411E+13;01/06/2025;02/07/2025;10:57:51;Geral;eSocial;Original;Ativa;R$ 3.472,99;R$ 3.472,99
CNPJ;1,38411E+13;01/05/2025;12/06/2025;09:50:04;Geral;eSocial;Original;Ativa;R$ 3.822,93;R$ 3.822,93
CNPJ;1,53864E+13;01/08/2025;07/10/2025;15:44:22;Geral;eSocial, REINF RET, MIT;Retificadora;Ativa;R$ 19.180,11;R$ 19.050,11
CNPJ;1,53864E+13;01/06/2025;22/07/2025;09:57:01;Geral;eSocial, MIT;Retificadora;Ativa;R$ 54.271,99;R$ 54.271,99
CNPJ;1,53864E+13;01/05/2025;11/06/2025;15:01:18;Geral;eSocial, MIT;Retificadora;Ativa;R$ 23.027,14;R$ 22.897,14
CNPJ;1,4877E+13;01/09/2025;15/10/2025;07:59:26;Geral;eSocial, REINF RET;Retificadora;Ativa;R$ 7.958,62;R$ 7.958,62
CNPJ;1,4877E+13;01/08/2025;01/09/2025;11:02:28;Geral;eSocial, REINF RET;Retificadora;Ativa;R$ 7.923,15;R$ 6.787,82
CNPJ;1,4877E+13;01/07/2025;27/08/2025;16:58:06;Geral;eSocial, REINF RET;Retificadora;Ativa;R$ 7.965,60;R$ 7.397,93
CNPJ;1,4877E+13;01/06/2025;11/07/2025;16:50:26;Geral;eSocial;Retificadora;Ativa;R$ 8.166,90;R$ 3.581,30
CNPJ;1,4877E+13;01/05/2025;11/07/2025;16:52:22;Geral;eSocial;Retificadora;Ativa;R$ 10.373,99;R$ 3.730,98
CNPJ;1,46615E+13;01/08/2025;15/09/2025;15:17:54;Geral;MIT;Original;Ativa;R$ 6.535,02;R$ 6.535,02
CNPJ;1,46615E+13;01/07/2025;18/08/2025;10:07:19;Geral;REINF RET, MIT;Retificadora;Ativa;R$ 6.519,28;R$ 6.519,28
CNPJ;1,46615E+13;01/06/2025;22/07/2025;08:17:50;Geral;MIT;Original;Ativa;R$ 62.279,58;R$ 62.279,58
CNPJ;1,46615E+13;01/05/2025;12/06/2025;17:40:38;Geral;MIT;Original;Ativa;R$ 6.562,48;R$ 6.562,48
CNPJ;1,72501E+13;01/07/2025;22/07/2025;09:26:29;Geral;eSocial;Original;Ativa;R$ 470,58;R$ 470,58
CNPJ;1,72501E+13;01/05/2025;10/06/2025;08:59:36;Geral;eSocial;Original;Ativa;R$ 1.113,24;R$ 1.113,24
CNPJ;1,6859E+13;01/09/2025;08/10/2025;09:21:05;Geral;eSocial;Original;Ativa;R$ 2.900,53;R$ 2.900,53
CNPJ;1,6859E+13;01/08/2025;03/09/2025;10:30:44;Geral;eSocial;Original;Ativa;R$ 3.499,67;R$ 3.499,67
CNPJ;1,6859E+13;01/07/2025;08/08/2025;17:17:31;Geral;eSocial, REINF RET;Retificadora;Ativa;R$ 2.947,33;R$ 2.910,50
CNPJ;1,6859E+13;01/06/2025;07/07/2025;14:54:19;Geral;eSocial;Original;Ativa;R$ 2.932,34;R$ 2.932,34
CNPJ;1,6859E+13;01/05/2025;10/06/2025;09:41:06;Geral;eSocial;Original;Ativa;R$ 3.148,98;R$ 3.083,98
CNPJ;1,67504E+13;01/09/2025;13/10/2025;12:22:55;Geral;eSocial, REINF CP;Original;Ativa;R$ 11.760,87;R$ 11.760,87
CNPJ;1,67504E+13;01/08/2025;11/09/2025;11:58:39;Geral;eSocial, REINF CP;Original;Ativa;R$ 11.541,77;R$ 11.541,77
CNPJ;1,67504E+13;01/07/2025;15/08/2025;14:57:25;Geral;eSocial, REINF CP, REINF RET;Retificadora;Ativa;R$ 11.426,52;R$ 11.426,52
CNPJ;1,67504E+13;01/06/2025;10/07/2025;11:43:18;Geral;eSocial, REINF CP, REINF RET;Original;Ativa;R$ 11.535,67;R$ 11.535,67
CNPJ;1,67504E+13;01/05/2025;09/06/2025;11:40:29;Geral;eSocial, REINF CP;Original;Ativa;R$ 11.926,92;R$ 11.926,92
CNPJ;1,76578E+13;01/09/2025;08/10/2025;17:42:13;Geral;eSocial, REINF RET;Retificadora;Ativa;R$ 1.888,84;R$ 1.888,84
CNPJ;1,76578E+13;01/07/2025;09/08/2025;05:26:54;Geral;eSocial, REINF RET;Retificadora;Ativa;R$ 1.611,12;R$ 1.611,12
CNPJ;1,76578E+13;01/06/2025;15/07/2025;15:10:27;Geral;eSocial, REINF RET;Retificadora;Ativa;R$ 1.579,82;R$ 1.579,82
CNPJ;1,76578E+13;01/05/2025;11/06/2025;07:42:51;Geral;eSocial, REINF RET;Retificadora;Ativa;R$ 1.817,17;R$ 1.817,17
CNPJ;1,7334E+13;01/09/2025;20/10/2025;12:07:17;Geral;eSocial;Retificadora;Ativa;R$ 21.064,18;R$ 21.064,18
CNPJ;1,7334E+13;01/08/2025;16/09/2025;09:53:25;Geral;eSocial;Retificadora;Ativa;R$ 18.332,08;R$ 18.332,08
CNPJ;1,7334E+13;01/07/2025;18/08/2025;12:08:54;Geral;eSocial;Original;Ativa;R$ 17.621,96;R$ 17.621,96
CNPJ;1,7334E+13;01/06/2025;14/07/2025;09:14:22;Geral;eSocial;Retificadora;Ativa;R$ 17.097,31;R$ 17.097,31
CNPJ;1,7334E+13;01/05/2025;17/06/2025;15:08:55;Geral;eSocial;Original;Ativa;R$ 8.423,90;R$ 8.423,90
CNPJ;2,15728E+13;01/09/2025;13/10/2025;09:26:36;Geral;eSocial;Original;Ativa;R$ 3.708,61;R$ 3.708,61
CNPJ;2,15728E+13;01/07/2025;25/07/2025;11:42:40;Geral;eSocial;Original;Ativa;R$ 3.543,13;R$ 3.543,13
CNPJ;2,15728E+13;01/06/2025;09/07/2025;10:32:30;Geral;eSocial;Original;Ativa;R$ 3.419,87;R$ 3.419,87
CNPJ;2,15728E+13;01/05/2025;12/06/2025;10:43:42;Geral;eSocial;Original;Ativa;R$ 3.965,48;R$ 3.965,48
CNPJ;2,11811E+13;01/09/2025;25/09/2025;11:28:08;Geral;eSocial;Original;Ativa;R$ 166,98;R$ 166,98
CNPJ;2,11811E+13;01/08/2025;25/08/2025;08:29:44;Geral;eSocial;Original;Ativa;R$ 166,98;R$ 166,98
CNPJ;2,11811E+13;01/07/2025;28/07/2025;15:04:29;Geral;eSocial;Original;Ativa;R$ 166,98;R$ 166,98
CNPJ;2,11811E+13;jun/25;16/06/2025;08:34:37;Geral;eSocial;Original;Ativa;R$ 166,98;R$ 166,98
CNPJ;2,11811E+13;01/05/2025;21/05/2025;16:19:21;Geral;eSocial;Original;Ativa;R$ 166,98;R$ 166,98
CNPJ;2,03578E+13;01/07/2025;12/08/2025;10:49:19;Geral;REINF RET;Original sem movimento;Ativa;R$ 0,00;R$ 0,00
CNPJ;2,03578E+13;01/06/2025;28/07/2025;22:10:12;Geral;eSocial, MIT;Retificadora;Ativa;R$ 168.937,34;R$ 168.937,34
CNPJ;2,03578E+13;01/05/2025;30/05/2025;15:00:22;Geral;eSocial;Original;Ativa;R$ 470,58;R$ 470,58
CNPJ;2,25424E+13;01/07/2025;18/08/2025;12:20:54;Geral;eSocial, REINF RET;Retificadora;Ativa;R$ 14.086,56;R$ 13.761,56
CNPJ;2,25424E+13;01/05/2025;11/06/2025;11:21:12;Geral;eSocial, REINF RET;Retificadora;Ativa;R$ 14.108,24;R$ 13.913,24
CNPJ;2,2181E+13;01/09/2025;07/10/2025;12:44:10;Geral;eSocial;Original;Ativa;R$ 2.130,13;R$ 2.130,13
CNPJ;2,2181E+13;01/08/2025;08/09/2025;16:12:59;Geral;eSocial;Original;Ativa;R$ 2.029,00;R$ 2.029,00
CNPJ;2,2181E+13;01/07/2025;15/09/2025;14:49:04;Geral;eSocial, REINF CP, REINF RET;Retificadora;Ativa;R$ 1.954,99;R$ 1.954,99
CNPJ;2,2181E+13;01/06/2025;08/07/2025;12:07:00;Geral;eSocial;Original;Ativa;R$ 1.703,94;R$ 1.703,94
CNPJ;2,2181E+13;01/05/2025;10/06/2025;12:53:13;Geral;eSocial;Original;Ativa;R$ 1.289,27;R$ 1.289,27
CNPJ;2,17064E+13;01/09/2025;06/10/2025;14:58:42;Geral;eSocial;Original;Ativa;R$ 229,29;R$ 164,29
CNPJ;2,17064E+13;01/08/2025;02/09/2025;11:47:38;Geral;eSocial;Retificadora;Ativa;R$ 121,23;R$ 56,23
CNPJ;2,17064E+13;01/07/2025;12/08/2025;12:04:57;Geral;eSocial, REINF RET;Retificadora;Ativa;R$ 161,57;R$ 96,57
CNPJ;2,17064E+13;01/06/2025;03/07/2025;13:44:23;Geral;eSocial;Original;Ativa;R$ 228,82;R$ 163,82
CNPJ;2,17064E+13;01/05/2025;03/06/2025;14:20:11;Geral;eSocial;Original;Ativa;R$ 139,82;R$ 74,82
CNPJ;2,32347E+13;01/09/2025;03/10/2025;10:53:19;Geral;eSocial;Original;Ativa;R$ 4.478,44;R$ 4.478,44
CNPJ;2,32347E+13;01/08/2025;04/09/2025;08:14:08;Geral;eSocial;Original;Ativa;R$ 4.110,20;R$ 4.110,20
CNPJ;2,32347E+13;01/07/2025;05/08/2025;17:01:51;Geral;eSocial;Original;Ativa;R$ 4.821,95;R$ 4.821,95
CNPJ;2,32347E+13;01/06/2025;03/07/2025;09:36:04;Geral;eSocial;Retificadora;Ativa;R$ 3.916,28;R$ 3.916,28
CNPJ;2,32347E+13;01/05/2025;05/06/2025;09:05:34;Geral;eSocial;Original;Ativa;R$ 3.909,35;R$ 3.909,35
CNPJ;2,27964E+13;01/09/2025;25/09/2025;11:19:07;Geral;eSocial;Original;Ativa;R$ 941,16;R$ 941,16
CNPJ;2,27964E+13;01/08/2025;22/08/2025;14:18:23;Geral;eSocial;Original;Ativa;R$ 941,16;R$ 941,16
CNPJ;2,27964E+13;01/07/2025;11/08/2025;13:26:15;Geral;eSocial, REINF RET;Retificadora;Ativa;R$ 941,16;R$ 941,16
CNPJ;2,27964E+13;01/06/2025;16/06/2025;08:34:30;Geral;eSocial;Original;Ativa;R$ 941,16;R$ 941,16
CNPJ;2,27964E+13;01/05/2025;21/05/2025;16:16:01;Geral;eSocial;Original;Ativa;R$ 941,16;R$ 941,16
CNPJ;2,4204E+13;01/08/2025;17/09/2025;17:13:00;Geral;eSocial, REINF RET;Retificadora;Ativa;R$ 3.084,11;R$ 3.084,11
CNPJ;2,4204E+13;01/06/2025;01/08/2025;17:01:07;Geral;eSocial, REINF RET;Retificadora;Ativa;R$ 2.804,97;R$ 2.804,97
CNPJ;2,4204E+13;01/05/2025;17/06/2025;17:25:54;Geral;eSocial;Original;Ativa;R$ 2.812,60;R$ 2.812,60
CNPJ;2,41271E+13;01/09/2025;07/10/2025;13:57:22;Geral;eSocial;Original;Ativa;R$ 3.892,56;R$ 3.450,56
CNPJ;2,41271E+13;01/08/2025;04/09/2025;22:13:24;Geral;eSocial;Original;Ativa;R$ 3.669,51;R$ 2.976,32
CNPJ;2,41271E+13;01/07/2025;13/08/2025;14:39:06;Geral;eSocial;Original;Ativa;R$ 3.970,59;R$ 3.255,59
CNPJ;2,41271E+13;01/06/2025;10/07/2025;07:04:25;Geral;eSocial;Original;Ativa;R$ 3.742,96;R$ 3.131,96
CNPJ;2,41271E+13;01/05/2025;06/06/2025;09:26:07;Geral;eSocial;Original;Ativa;R$ 3.594,25;R$ 3.074,25
CNPJ;2,33611E+13;01/09/2025;02/10/2025;22:53:19;Geral;eSocial;Original;Ativa;R$ 1.729,27;R$ 1.664,27
CNPJ;2,33611E+13;01/08/2025;04/09/2025;09:30:44;Geral;eSocial;Original;Ativa;R$ 1.910,92;R$ 1.845,92
CNPJ;2,33611E+13;01/07/2025;04/09/2025;09:58:01;Geral;eSocial;Retificadora;Ativa;R$ 1.937,23;R$ 1.872,23
CNPJ;2,33611E+13;01/06/2025;01/07/2025;16:18:52;Geral;eSocial;Original;Ativa;R$ 1.872,81;R$ 1.807,81
CNPJ;2,33611E+13;01/05/2025;14/08/2025;14:19:56;Geral;eSocial;Retificadora;Ativa;R$ 1.816,43;R$ 1.751,43
CNPJ;2,70942E+13;01/09/2025;14/10/2025;16:56:34;Geral;eSocial;Original;Ativa;R$ 166,98;R$ 166,98
CNPJ;2,70942E+13;01/07/2025;12/08/2025;08:48:38;Geral;eSocial;Original;Ativa;R$ 166,98;R$ 166,98
CNPJ;2,70942E+13;01/06/2025;10/07/2025;09:15:22;Geral;eSocial;Original;Ativa;R$ 166,98;R$ 166,98
CNPJ;2,70942E+13;01/05/2025;04/06/2025;14:37:24;Geral;eSocial;Original;Ativa;R$ 166,98;R$ 166,98
CNPJ;2,69805E+13;01/09/2025;15/10/2025;14:56:12;Geral;eSocial;Original;Ativa;R$ 11.055,86;R$ 10.730,86
CNPJ;2,69805E+13;01/08/2025;25/09/2025;08:53:32;Geral;eSocial, REINF CP, MIT;Retificadora;Ativa;R$ 12.982,98;R$ 593,39
CNPJ;2,69805E+13;01/07/2025;10/10/2025;10:01:52;Geral;eSocial, REINF CP, REINF RET, MIT;Retificadora;Ativa;R$ 13.090,34;R$ 762,47
CNPJ;2,69805E+13;01/06/2025;28/07/2025;11:03:59;Geral;eSocial, MIT;Retificadora;Ativa;R$ 22.951,12;R$ 10.174,53
CNPJ;2,69805E+13;01/05/2025;24/06/2025;16:31:28;Geral;eSocial, MIT;Retificadora;Ativa;R$ 12.994,39;R$ 12.708,39
CNPJ;2,62705E+13;01/07/2025;01/08/2025;16:44:51;Geral;REINF RET;Original sem movimento;Ativa;R$ 0,00;R$ 0,00
CNPJ;2,62705E+13;01/05/2025;18/06/2025;09:54:34;Geral;REINF CP;Original sem movimento;Ativa;R$ 0,00;R$ 0,00
CNPJ;2,7363E+13;01/09/2025;15/10/2025;16:19:18;Geral;eSocial;Original;Ativa;R$ 1.540,56;R$ 1.540,56
CNPJ;2,7363E+13;01/07/2025;28/08/2025;17:55:40;Geral;eSocial;Original;Ativa;R$ 1.540,56;R$ 1.540,56
CNPJ;2,7363E+13;01/06/2025;28/07/2025;17:27:13;Geral;eSocial;Original;Ativa;R$ 1.540,56;R$ 1.540,56
CNPJ;2,7363E+13;01/05/2025;11/07/2025;17:00:04;Geral;eSocial;Original;Ativa;R$ 1.540,56;R$ 1.540,56
CNPJ;2,72269E+13;01/08/2025;19/09/2025;10:42:51;Geral;eSocial, REINF CP, REINF RET, MIT;Retificadora;Ativa;R$ 100.071,55;R$ 97.758,39
CNPJ;2,72269E+13;01/07/2025;12/09/2025;09:20:25;Geral;eSocial, REINF CP, REINF RET, MIT;Retificadora;Ativa;R$ 114.137,58;R$ 110.587,94
CNPJ;2,72269E+13;01/06/2025;22/07/2025;10:47:41;Geral;eSocial, REINF CP, REINF RET, MIT;Retificadora;Ativa;R$ 257.876,25;R$ 254.239,94
CNPJ;2,72269E+13;01/05/2025;17/06/2025;09:19:44;Geral;eSocial, REINF RET, MIT;Retificadora;Ativa;R$ 127.556,92;R$ 123.924,17
CNPJ;2,71852E+13;01/08/2025;24/09/2025;22:04:58;Geral;eSocial, REINF CP, MIT;Retificadora;Ativa;R$ 36.233,58;R$ 35.817,58
CNPJ;2,71852E+13;01/07/2025;22/08/2025;15:26:37;Geral;eSocial, REINF CP, REINF RET, MIT;Retificadora;Ativa;R$ 28.912,37;R$ 28.327,37
CNPJ;2,71852E+13;01/06/2025;29/08/2025;10:05:53;Geral;eSocial, REINF CP, MIT;Retificadora;Ativa;R$ 64.314,26;R$ 63.588,43
CNPJ;2,71852E+13;01/05/2025;23/06/2025;23:00:23;Geral;eSocial, REINF CP, MIT;Retificadora;Ativa;R$ 36.315,54;R$ 35.786,87
CNPJ;2,79302E+13;01/09/2025;15/10/2025;14:46:59;Geral;REINF CP, REINF RET;Original;Ativa;R$ 10,59;R$ 10,59
CNPJ;2,79302E+13;01/07/2025;20/08/2025;14:51:23;Geral;REINF CP, REINF RET;Retificadora;Ativa;R$ 10,59;R$ 10,59
CNPJ;2,79302E+13;01/06/2025;25/07/2025;14:24:51;Geral;REINF CP, REINF RET, MIT;Retificadora;Ativa;R$ 44,69;R$ 44,69
CNPJ;2,79302E+13;01/05/2025;16/06/2025;10:24:45;Geral;REINF CP, REINF RET;Original;Ativa;R$ 40,35;R$ 40,35
CNPJ;2,77091E+13;01/08/2025;23/09/2025;17:35:40;Geral;eSocial, REINF CP, REINF RET, MIT;Retificadora;Ativa;R$ 7.464,74;R$ 7.464,74
CNPJ;2,77091E+13;01/07/2025;25/08/2025;13:41:35;Geral;eSocial, REINF CP, REINF RET, MIT;Retificadora;Ativa;R$ 6.718,34;R$ 6.718,34
CNPJ;2,77091E+13;01/06/2025;25/07/2025;16:06:49;Geral;eSocial, REINF CP, REINF RET, MIT;Retificadora;Ativa;R$ 7.158,95;R$ 7.158,95
CNPJ;2,77091E+13;01/05/2025;23/06/2025;13:25:14;Geral;eSocial, REINF CP, REINF RET, MIT;Retificadora;Ativa;R$ 1.259,81;R$ 1.259,81
CNPJ;2,74899E+13;01/08/2025;26/09/2025;10:59:42;Geral;eSocial, REINF CP, REINF RET, MIT;Original;Ativa;R$ 44.926,44;R$ 44.926,44
CNPJ;2,74899E+13;01/07/2025;10/09/2025;16:49:13;Geral;eSocial, REINF CP, REINF RET, MIT;Retificadora;Ativa;R$ 33.193,40;R$ 33.193,40
CNPJ;2,74899E+13;01/06/2025;10/09/2025;16:48:43;Geral;eSocial, REINF CP, REINF RET, MIT;Retificadora;Ativa;R$ 196.252,99;R$ 177.073,92
CNPJ;2,74899E+13;01/05/2025;10/09/2025;16:47:43;Geral;eSocial, REINF CP, REINF RET, MIT;Retificadora;Ativa;R$ 29.986,63;R$ 29.986,63
CNPJ;2,83977E+13;01/08/2025;15/09/2025;10:59:31;Geral;eSocial, REINF CP, REINF RET;Retificadora;Ativa;R$ 3.818,04;R$ 3.818,04
CNPJ;2,83977E+13;01/06/2025;16/07/2025;17:20:35;Geral;eSocial, REINF RET;Retificadora;Ativa;R$ 3.554,13;R$ 3.554,13
CNPJ;2,83977E+13;01/05/2025;10/06/2025;17:21:16;Geral;eSocial, REINF RET;Retificadora;Ativa;R$ 3.536,16;R$ 3.536,16
CNPJ;2,8392E+13;01/09/2025;17/10/2025;10:56:38;Geral;eSocial, REINF CP, REINF RET;Original;Ativa;R$ 2.419,11;R$ 2.419,11
CNPJ;2,8392E+13;01/08/2025;16/09/2025;18:15:36;Geral;eSocial, REINF CP, REINF RET;Original;Ativa;R$ 2.703,33;R$ 2.703,33
CNPJ;2,8392E+13;01/07/2025;18/08/2025;18:00:03;Geral;eSocial, REINF CP, REINF RET;Original;Ativa;R$ 1.913,28;R$ 1.913,28
CNPJ;2,8392E+13;01/06/2025;16/07/2025;15:52:30;Geral;eSocial, REINF CP, REINF RET;Original;Ativa;R$ 1.809,07;R$ 1.809,07
CNPJ;2,8392E+13;01/05/2025;17/06/2025;18:47:19;Geral;eSocial, REINF CP, REINF RET;Original;Ativa;R$ 1.729,72;R$ 1.729,72
CNPJ;2,81402E+13;01/08/2025;23/09/2025;14:29:57;Geral;MIT;Original sem movimento;Ativa;R$ 0,00;R$ 0,00
CNPJ;2,81402E+13;01/07/2025;27/08/2025;11:15:06;Geral;MIT;Original sem movimento;Ativa;R$ 0,00;R$ 0,00
CNPJ;2,81402E+13;01/06/2025;16/07/2025;16:08:00;Geral;MIT;Original sem movimento;Ativa;R$ 0,00;R$ 0,00
CNPJ;2,81402E+13;01/05/2025;17/06/2025;15:04:41;Geral;MIT;Retificadora;Ativa;R$ 287,08;R$ 287,08
CNPJ;3,00648E+13;01/06/2025;21/07/2025;09:03:58;Geral;"eSocial, REINF CP, REINF
RET, MIT";Retificadora;Ativa;R$ 70.459,50;R$ 69.257,16
CNPJ;2,99488E+13;01/09/2025;07/10/2025;11:26:34;Geral;eSocial;Original;Ativa;R$ 3.356,69;R$ 3.356,69
CNPJ;2,99488E+13;01/08/2025;08/09/2025;17:51:18;Geral;eSocial;Original;Ativa;R$ 3.191,89;R$ 3.191,89
CNPJ;2,99488E+13;01/07/2025;15/09/2025;14:51:42;Geral;eSocial, REINF CP, REINF RET;Retificadora;Ativa;R$ 3.334,34;R$ 3.334,34
CNPJ;2,99488E+13;01/06/2025;31/07/2025;17:10:49;Geral;eSocial;Retificadora;Ativa;R$ 4.401,42;R$ 4.401,42
CNPJ;2,99488E+13;01/05/2025;10/06/2025;12:11:38;Geral;eSocial;Original;Ativa;R$ 5.460,48;R$ 5.460,48
CNPJ;2,92361E+13;01/09/2025;06/10/2025;10:31:59;Geral;eSocial, REINF RET;Retificadora;Ativa;R$ 742,11;R$ 742,11
CNPJ;2,92361E+13;01/08/2025;15/09/2025;11:35:29;Geral;eSocial, REINF CP, REINF RET;Retificadora;Ativa;R$ 742,11;R$ 742,11
CNPJ;2,92361E+13;01/07/2025;14/08/2025;20:22:04;Geral;eSocial, REINF RET;Retificadora;Ativa;R$ 742,11;R$ 742,11
CNPJ;2,92361E+13;01/06/2025;09/07/2025;19:59:49;Geral;eSocial, REINF CP, REINF RET;Original;Ativa;R$ 742,11;R$ 742,11
CNPJ;2,92361E+13;01/05/2025;24/09/2025;13:56:06;Geral;eSocial, REINF RET;Retificadora;Ativa;R$ 670,97;R$ 670,97
CNPJ;3,10423E+13;01/06/2025;10/07/2025;10:48:31;Geral;eSocial, REINF CP, REINF RET;Retificadora;Ativa;R$ 4.550,49;R$ 4.550,49
CNPJ;3,06913E+13;01/08/2025;22/09/2025;23:02:44;Geral;eSocial, REINF RET, MIT;Retificadora;Ativa;R$ 55.263,27;R$ 55.263,27
CNPJ;3,06913E+13;01/07/2025;21/08/2025;23:03:24;Geral;"eSocial, REINF CP, REINF
RET, MIT";Retificadora;Ativa;R$ 62.878,70;R$ 62.878,70
CNPJ;3,06913E+13;01/06/2025;29/07/2025;10:59:06;Geral;eSocial, REINF RET, MIT;Retificadora;Ativa;R$ 294.400,04;R$ 294.400,04
CNPJ;3,06913E+13;01/05/2025;23/06/2025;21:15:12;Geral;eSocial, REINF RET, MIT;Retificadora;Ativa;R$ 63.452,43;R$ 63.452,43
CNPJ;3,0394E+13;01/09/2025;20/10/2025;10:49:07;Geral;eSocial, REINF RET, MIT;Retificadora;Ativa;R$ 16.508,39;R$ 16.508,39
CNPJ;3,0394E+13;01/08/2025;11/10/2025;10:57:35;Geral;eSocial, REINF RET, MIT;Retificadora;Ativa;R$ 2.576,48;R$ 2.576,48
CNPJ;3,0394E+13;01/07/2025;11/10/2025;10:57:08;Geral;eSocial, REINF RET, MIT;Retificadora;Ativa;R$ 11.238,81;R$ 11.238,81
CNPJ;3,0394E+13;01/06/2025;15/07/2025;17:01:14;Geral;eSocial, REINF RET;Retificadora;Ativa;R$ 2.413,31;R$ 2.413,31
CNPJ;3,0394E+13;01/05/2025;16/06/2025;15:34:35;Geral;eSocial, REINF RET;Original;Ativa;R$ 2.035,00;R$ 2.035,00
CNPJ;3,14879E+13;01/09/2025;17/10/2025;13:27:30;Geral;"eSocial, REINF CP, REINF
RET";Retificadora;Ativa;R$ 26.436,13;R$ 26.436,13
CNPJ;3,14879E+13;01/07/2025;22/08/2025;15:08:32;Geral;eSocial, REINF RET, MIT;Retificadora;Ativa;R$ 99.294,60;R$ 99.294,60
CNPJ;3,14879E+13;01/06/2025;31/07/2025;09:35:05;Geral;eSocial, MIT;Retificadora;Ativa;R$ 287.118,92;R$ 287.118,92
CNPJ;3,14879E+13;01/05/2025;23/06/2025;19:22:29;Geral;eSocial, REINF RET, MIT;Retificadora;Ativa;R$ 96.599,21;R$ 96.599,21
CNPJ;3,13324E+13;01/09/2025;30/09/2025;08:24:43;Geral;eSocial;Original;Ativa;R$ 1.190,40;R$ 1.190,40
CNPJ;3,13324E+13;01/08/2025;27/08/2025;17:58:32;Geral;eSocial;Original;Ativa;R$ 845,04;R$ 845,04
CNPJ;3,13324E+13;01/07/2025;29/07/2025;15:40:05;Geral;eSocial;Original;Ativa;R$ 845,04;R$ 845,04
CNPJ;3,13324E+13;01/06/2025;30/06/2025;17:24:49;Geral;eSocial;Original;Ativa;R$ 886,36;R$ 886,36
CNPJ;3,13324E+13;01/05/2025;30/05/2025;13:15:15;Geral;eSocial;Original;Ativa;R$ 821,21;R$ 821,21
CNPJ;3,17917E+13;01/06/2025;11/08/2025;18:17:16;Geral;eSocial, REINF CP;Retificadora;Ativa;R$ 45.274,20;R$ 45.274,20
CNPJ;3,17649E+13;01/09/2025;;;Geral;"eSocial, REINF CP, REINF
RET";Original;Em andamento;R$ 14.899,82;R$ 14.899,82
CNPJ;3,17649E+13;01/08/2025;23/09/2025;09:52:58;Geral;"eSocial, REINF CP, REINF
RET, MIT";Original;Ativa;R$ 46.470,50;R$ 46.470,50
CNPJ;3,17649E+13;01/07/2025;26/08/2025;16:23:50;Geral;"eSocial, REINF CP, REINF
RET, MIT";Original;Ativa;R$ 41.433,15;R$ 41.433,15
CNPJ;3,17649E+13;01/06/2025;29/07/2025;09:53:02;Geral;"eSocial, REINF CP, REINF
RET, MIT";Original;Ativa;R$ 96.625,38;R$ 96.625,38
CNPJ;3,17649E+13;01/05/2025;25/06/2025;16:31:43;Geral;"eSocial, REINF CP, REINF
RET, MIT";Original;Ativa;R$ 44.628,80;R$ 44.628,80
CNPJ;3,15584E+13;01/09/2025;10/10/2025;13:33:24;Geral;eSocial;Original;Ativa;R$ 652,10;R$ 652,10
CNPJ;3,15584E+13;01/08/2025;05/09/2025;14:27:23;Geral;eSocial;Original;Ativa;R$ 889,42;R$ 889,42
CNPJ;3,15584E+13;01/07/2025;12/08/2025;14:15:59;Geral;eSocial, REINF RET;Original;Ativa;R$ 840,47;R$ 840,47
CNPJ;3,15584E+13;01/06/2025;04/07/2025;10:43:11;Geral;eSocial;Original;Ativa;R$ 730,96;R$ 730,96
CNPJ;3,15584E+13;01/05/2025;13/06/2025;09:42:29;Geral;eSocial;Original;Ativa;R$ 742,88;R$ 742,88
CNPJ;3,24015E+13;01/09/2025;13/10/2025;11:37:45;Geral;eSocial, REINF RET;Retificadora;Ativa;R$ 11.584,06;R$ 11.584,06
CNPJ;3,24015E+13;01/07/2025;13/08/2025;16:11:36;Geral;eSocial, REINF RET;Retificadora;Ativa;R$ 9.186,77;R$ 9.186,77
CNPJ;3,24015E+13;01/06/2025;13/08/2025;12:46:46;Geral;eSocial, REINF RET;Retificadora;Ativa;R$ 9.330,49;R$ 9.330,49
CNPJ;3,24015E+13;01/05/2025;11/06/2025;11:42:13;Geral;eSocial, REINF RET;Retificadora;Ativa;R$ 11.880,68;R$ 11.880,68
CNPJ;3,21175E+13;01/09/2025;14/10/2025;10:21:52;Geral;eSocial, MIT;Retificadora;Ativa;R$ 74.740,09;R$ 74.740,09
CNPJ;3,21175E+13;01/08/2025;22/09/2025;10:17:36;Geral;eSocial, MIT;Retificadora;Ativa;R$ 34.543,35;R$ 34.543,35
CNPJ;3,21175E+13;01/07/2025;18/08/2025;08:21:13;Geral;eSocial, REINF RET, MIT;Retificadora;Ativa;R$ 28.050,29;R$ 28.050,29
CNPJ;3,21175E+13;01/06/2025;15/07/2025;11:43:27;Geral;eSocial, MIT;Retificadora;Ativa;R$ 81.618,61;R$ 81.618,61
CNPJ;3,21175E+13;01/05/2025;14/06/2025;17:39:42;Geral;eSocial, MIT;Retificadora;Ativa;R$ 26.951,38;R$ 26.951,38
CNPJ;3,2747E+13;01/06/2025;16/06/2025;08:28:30;Geral;eSocial;Original;Ativa;R$ 286,00;R$ 286,00
CNPJ;3,26637E+13;01/09/2025;25/09/2025;12:42:07;Geral;eSocial;Original;Ativa;R$ 535,96;R$ 535,96
CNPJ;3,26637E+13;01/08/2025;22/08/2025;15:30:59;Geral;eSocial;Original;Ativa;R$ 535,96;R$ 535,96
CNPJ;3,26637E+13;01/07/2025;07/08/2025;09:39:09;Geral;eSocial, REINF RET;Retificadora;Ativa;R$ 535,96;R$ 535,96
CNPJ;3,26637E+13;01/06/2025;16/06/2025;11:43:00;Geral;eSocial;Original;Ativa;R$ 535,96;R$ 535,96
CNPJ;3,26637E+13;01/05/2025;21/05/2025;16:23:16;Geral;eSocial;Original;Ativa;R$ 535,96;R$ 535,96
CNPJ;3,24244E+13;01/09/2025;;;Geral;eSocial, REINF CP, REINF RET, MIT;Retificadora;Em andamento;R$ 54.281,39;R$ 53.880,56
CNPJ;3,24244E+13;01/09/2025;10/10/2025;16:53:16;Geral;eSocial, REINF CP, REINF RET;Original;Ativa;R$ 46.993,43;R$ 46.592,60
CNPJ;3,24244E+13;01/08/2025;30/09/2025;08:05:53;Geral;eSocial, REINF CP, REINF RET, MIT;Retificadora;Ativa;R$ 70.459,97;R$ 69.939,97
CNPJ;3,24244E+13;01/07/2025;29/08/2025;09:15:26;Geral;eSocial, REINF CP, REINF RET, MIT;Retificadora;Ativa;R$ 93.401,53;R$ 93.052,70
CNPJ;3,24244E+13;01/06/2025;30/07/2025;08:43:46;Geral;eSocial, REINF CP, REINF RET, MIT;Retificadora;Ativa;R$ 121.763,24;R$ 121.362,40
CNPJ;3,24244E+13;01/05/2025;29/06/2025;01:07:09;Geral;eSocial, REINF CP, REINF RET, MIT;Retificadora;Ativa;R$ 91.828,11;R$ 91.164,57
CNPJ;3,30247E+13;01/09/2025;13/10/2025;09:18:48;Geral;eSocial;Original;Ativa;R$ 1.289,58;R$ 1.289,58
CNPJ;3,30247E+13;01/07/2025;10/09/2025;12:25:13;Geral;eSocial, REINF RET;Retificadora;Ativa;R$ 1.485,77;R$ 1.485,77
CNPJ;3,30247E+13;01/06/2025;03/07/2025;16:03:14;Geral;eSocial;Original;Ativa;R$ 1.424,90;R$ 1.424,90
CNPJ;3,30247E+13;01/05/2025;17/06/2025;17:18:18;Geral;eSocial;Original;Ativa;R$ 1.333,01;R$ 1.333,01
CNPJ;3,30232E+13;01/09/2025;01/10/2025;16:22:52;Geral;MIT;Original;Ativa;R$ 6.158,07;R$ 6.158,07
CNPJ;3,30232E+13;01/08/2025;03/09/2025;09:41:04;Geral;eSocial, MIT;Retificadora;Ativa;R$ 1.569,50;R$ 1.569,50
CNPJ;3,30232E+13;01/07/2025;14/08/2025;10:17:59;Geral;REINF CP, REINF RET, MIT;Retificadora;Ativa;R$ 1.602,98;R$ 1.602,98
CNPJ;3,30232E+13;01/06/2025;02/07/2025;14:56:26;Geral;MIT;Original;Ativa;R$ 6.207,08;R$ 6.207,08
CNPJ;3,30232E+13;01/05/2025;16/06/2025;17:22:27;Geral;eSocial, MIT;Retificadora;Ativa;R$ 1.604,55;R$ 1.604,55
CNPJ;3,36724E+13;01/08/2025;22/09/2025;09:26:36;Geral;"eSocial, REINF CP, REINF
RET, MIT";Retificadora;Ativa;R$ 39.824,26;R$ 39.824,26
CNPJ;3,36724E+13;01/07/2025;18/08/2025;13:00:50;Geral;"eSocial, REINF CP, REINF
RET, MIT";Retificadora;Ativa;R$ 45.728,46;R$ 45.728,46
CNPJ;3,36724E+13;01/06/2025;23/07/2025;15:39:38;Geral;"eSocial, REINF CP, REINF
RET, MIT";Retificadora;Ativa;R$ 94.461,11;R$ 94.461,11
CNPJ;3,36724E+13;01/05/2025;11/06/2025;16:37:56;Geral;"eSocial, REINF CP, REINF
RET, MIT";Retificadora;Ativa;R$ 39.797,73;R$ 39.797,73
CNPJ;3,32494E+13;01/08/2025;22/09/2025;15:40:17;Geral;eSocial, MIT;Retificadora;Ativa;R$ 53.148,86;R$ 53.148,86
CNPJ;3,32494E+13;01/07/2025;20/08/2025;10:50:05;Geral;eSocial, REINF RET, MIT;Retificadora;Ativa;R$ 46.417,28;R$ 46.417,28
CNPJ;3,32494E+13;01/06/2025;21/07/2025;09:56:03;Geral;eSocial, MIT;Retificadora;Ativa;R$ 94.952,02;R$ 94.952,02
CNPJ;3,32494E+13;01/05/2025;18/06/2025;09:41:07;Geral;eSocial, MIT;Retificadora;Ativa;R$ 48.163,81;R$ 48.163,81
CNPJ;3,32475E+13;01/08/2025;23/09/2025;17:27:51;Geral;"eSocial, REINF CP, REINF
RET, MIT";Retificadora;Ativa;R$ 190.667,90;R$ 190.516,93
CNPJ;3,32475E+13;01/07/2025;20/08/2025;15:46:39;Geral;eSocial, REINF RET, MIT;Retificadora;Ativa;R$ 220.325,95;R$ 220.325,95
CNPJ;3,32475E+13;01/06/2025;14/08/2025;12:49:25;Geral;eSocial, REINF RET, MIT;Retificadora;Ativa;R$ 501.637,65;R$ 501.637,65
CNPJ;3,32475E+13;01/05/2025;20/06/2025;11:12:57;Geral;eSocial, REINF RET, MIT;Retificadora;Ativa;R$ 193.279,17;R$ 193.279,17
CNPJ;3,42635E+13;01/09/2025;15/10/2025;17:40:08;Geral;eSocial;Original;Ativa;R$ 578,58;R$ 578,58
CNPJ;3,42635E+13;01/07/2025;14/08/2025;18:51:51;Geral;eSocial, REINF RET;Retificadora;Ativa;R$ 456,27;R$ 456,27
CNPJ;3,42635E+13;01/06/2025;14/07/2025;09:19:08;Geral;eSocial;Original;Ativa;R$ 456,27;R$ 456,27
CNPJ;3,42635E+13;01/05/2025;11/06/2025;11:21:27;Geral;eSocial;Original;Ativa;R$ 450,69;R$ 450,69
CNPJ;3,4233E+13;01/08/2025;19/09/2025;13:37:08;Geral;eSocial, MIT;Retificadora;Ativa;R$ 7.795,42;R$ 7.795,42
CNPJ;3,4233E+13;01/07/2025;20/08/2025;09:05:31;Geral;eSocial, MIT;Retificadora;Ativa;R$ 7.570,57;R$ 7.570,57
CNPJ;3,4233E+13;01/06/2025;21/07/2025;14:48:53;Geral;eSocial, MIT;Retificadora;Ativa;R$ 14.319,62;R$ 14.319,62
CNPJ;3,4233E+13;01/05/2025;20/06/2025;13:32:28;Geral;eSocial, MIT;Retificadora;Ativa;R$ 8.302,89;R$ 8.302,89
CNPJ;3,39026E+13;01/09/2025;30/09/2025;11:03:44;Geral;eSocial;Original;Ativa;R$ 1.277,35;R$ 1.277,35
CNPJ;3,39026E+13;01/08/2025;27/08/2025;17:53:15;Geral;eSocial;Original;Ativa;R$ 1.176,80;R$ 1.176,80
CNPJ;3,39026E+13;01/07/2025;29/07/2025;15:58:59;Geral;eSocial;Original;Ativa;R$ 1.136,01;R$ 1.136,01
CNPJ;3,39026E+13;01/06/2025;01/07/2025;12:59:07;Geral;eSocial;Original;Ativa;R$ 1.105,90;R$ 1.105,90
CNPJ;3,39026E+13;01/05/2025;30/05/2025;13:15:38;Geral;eSocial;Original;Ativa;R$ 1.053,32;R$ 1.053,32
CNPJ;3,50725E+13;01/08/2025;23/09/2025;16:52:02;Geral;eSocial, REINF CP, MIT;Retificadora;Ativa;R$ 1.957,68;R$ 1.957,68
CNPJ;3,50725E+13;01/06/2025;17/07/2025;09:57:07;Geral;eSocial, REINF CP, MIT;Retificadora;Ativa;R$ 10.114,93;R$ 10.114,93
CNPJ;3,50725E+13;01/05/2025;27/06/2025;08:32:34;Geral;REINF CP, MIT;Retificadora;Ativa;R$ 3.128,09;R$ 3.128,09
CNPJ;3,50608E+13;01/08/2025;24/09/2025;08:52:10;Geral;eSocial, REINF RET, MIT;Retificadora;Ativa;R$ 104.549,70;R$ 104.549,70
CNPJ;3,50608E+13;01/07/2025;21/08/2025;16:08:02;Geral;eSocial, REINF RET, MIT;Retificadora;Ativa;R$ 94.050,31;R$ 86.035,18
CNPJ;3,50608E+13;01/06/2025;29/07/2025;08:09:29;Geral;eSocial, REINF RET, MIT;Retificadora;Ativa;R$ 337.262,98;R$ 253.400,10
CNPJ;3,50608E+13;01/05/2025;20/06/2025;13:50:45;Geral;eSocial, REINF RET, MIT;Retificadora;Ativa;R$ 78.546,94;R$ 70.576,80
CNPJ;3,46476E+13;01/09/2025;15/10/2025;18:20:28;Geral;eSocial, REINF RET;Retificadora;Ativa;R$ 21.491,04;R$ 19.491,04
CNPJ;3,46476E+13;01/08/2025;16/09/2025;14:56:40;Geral;eSocial, REINF RET;Retificadora;Ativa;R$ 23.722,02;R$ 23.388,69
CNPJ;3,46476E+13;01/07/2025;26/08/2025;09:10:23;Geral;eSocial, REINF CP, REINF RET;Retificadora;Ativa;R$ 23.679,74;R$ 23.679,74
CNPJ;3,46476E+13;01/06/2025;30/07/2025;18:10:11;Geral;eSocial, REINF RET, MIT;Retificadora;Ativa;R$ 75.182,09;R$ 75.182,09
CNPJ;3,46476E+13;01/05/2025;16/06/2025;23:01:44;Geral;eSocial, REINF RET;Retificadora;Ativa;R$ 21.500,28;R$ 21.500,28
CNPJ;3,56914E+13;01/09/2025;20/10/2025;12:48:50;Geral;"eSocial, REINF CP, REINF
RET, MIT";Retificadora;Ativa;R$ 359.208,00;R$ 356.021,33
CNPJ;3,56914E+13;01/08/2025;15/09/2025;19:19:46;Geral;"eSocial, REINF CP, REINF
RET, MIT";Retificadora;Ativa;R$ 681.542,49;R$ 674.842,02
CNPJ;3,56914E+13;01/07/2025;21/08/2025;17:30:04;Geral;"eSocial, REINF CP, REINF
RET, MIT";Retificadora;Ativa;R$ 592.722,28;R$ 588.427,28
CNPJ;3,56914E+13;01/06/2025;12/09/2025;11:09:57;Geral;"eSocial, REINF CP, REINF
RET, MIT";Retificadora;Ativa;R$ 1.428.247,45;R$ 963.383,91
CNPJ;3,56914E+13;01/05/2025;31/07/2025;17:22:06;Geral;eSocial, REINF RET, MIT;Retificadora;Ativa;R$ 833.938,97;R$ 0,00
CNPJ;3,51127E+13;01/09/2025;15/10/2025;16:38:56;Geral;eSocial, REINF RET;Retificadora;Ativa;R$ 1.432,82;R$ 1.432,82
CNPJ;3,51127E+13;01/08/2025;15/09/2025;11:17:07;Geral;"eSocial, REINF CP, REINF
RET";Retificadora;Ativa;R$ 1.497,96;R$ 1.497,96
CNPJ;3,51127E+13;01/07/2025;14/08/2025;20:02:03;Geral;eSocial, REINF RET;Retificadora;Ativa;R$ 1.408,76;R$ 1.408,76
CNPJ;3,51127E+13;01/06/2025;21/07/2025;12:19:46;Geral;eSocial, REINF RET;Retificadora;Ativa;R$ 1.559,00;R$ 1.559,00
CNPJ;3,51127E+13;01/05/2025;11/06/2025;08:35:03;Geral;eSocial;Original;Ativa;R$ 1.540,89;R$ 1.540,89
CNPJ;3,59944E+13;01/09/2025;15/09/2025;11:38:17;Geral;eSocial;Original;Ativa;R$ 1.293,46;R$ 1.293,46
CNPJ;3,59944E+13;01/07/2025;17/07/2025;12:40:02;Geral;eSocial;Original;Ativa;R$ 1.288,71;R$ 1.288,71
CNPJ;3,59944E+13;01/06/2025;20/06/2025;12:04:39;Geral;eSocial;Original;Ativa;R$ 1.288,71;R$ 1.288,71
CNPJ;3,59944E+13;01/05/2025;17/06/2025;17:07:17;Geral;eSocial;Original;Ativa;R$ 1.288,71;R$ 1.288,71
CNPJ;3,59725E+13;01/09/2025;25/09/2025;13:17:51;Geral;eSocial;Original;Ativa;R$ 3.022,76;R$ 3.022,76
CNPJ;3,59725E+13;01/08/2025;25/08/2025;14:34:12;Geral;eSocial;Original;Ativa;R$ 3.108,24;R$ 3.108,24
CNPJ;3,59725E+13;01/07/2025;15/08/2025;14:25:17;Geral;eSocial, REINF RET;Retificadora;Ativa;R$ 2.957,88;R$ 2.957,88
CNPJ;3,59725E+13;01/06/2025;25/06/2025;16:21:05;Geral;eSocial;Original;Ativa;R$ 2.997,32;R$ 2.997,32
CNPJ;3,59725E+13;01/05/2025;12/06/2025;09:24:52;Geral;eSocial, REINF CP;Retificadora;Ativa;R$ 3.625,68;R$ 3.625,68
CNPJ;3,59578E+13;01/08/2025;19/09/2025;20:19:53;Geral;eSocial, REINF CP, REINF RET, MIT;Retificadora;Ativa;R$ 99.841,38;R$ 99.707,04
CNPJ;3,59578E+13;01/07/2025;15/08/2025;23:21:31;Geral;eSocial, REINF RET, MIT;Retificadora;Ativa;R$ 110.272,22;R$ 109.903,75
CNPJ;3,59578E+13;01/06/2025;20/10/2025;10:12:45;Geral;eSocial, REINF RET, MIT;Retificadora;Ativa;R$ 316.764,78;R$ 316.504,78
CNPJ;3,59578E+13;01/05/2025;17/06/2025;18:27:05;Geral;eSocial, REINF RET, MIT;Retificadora;Ativa;R$ 91.823,98;R$ 91.628,98
CNPJ;3,61303E+13;01/07/2025;13/08/2025;17:17:57;Geral;REINF CP, MIT;Original;Ativa;R$ 941,80;R$ 941,80
CNPJ;3,61303E+13;01/05/2025;12/06/2025;08:52:47;Geral;eSocial, REINF CP, MIT;Original;Ativa;R$ 3.390,64;R$ 3.390,64
CNPJ;3,60824E+13;01/09/2025;15/10/2025;17:37:40;Geral;eSocial, REINF RET;Retificadora;Ativa;R$ 2.221,51;R$ 2.221,51
CNPJ;3,60824E+13;01/08/2025;18/09/2025;14:55:19;Geral;eSocial, REINF RET;Retificadora;Ativa;R$ 2.102,18;R$ 2.102,18
CNPJ;3,60824E+13;01/07/2025;14/08/2025;18:39:02;Geral;eSocial, REINF RET;Retificadora;Ativa;R$ 2.134,08;R$ 2.134,08
CNPJ;3,60824E+13;01/06/2025;14/07/2025;09:12:29;Geral;eSocial, REINF RET;Retificadora;Ativa;R$ 2.393,61;R$ 2.393,61
CNPJ;3,60824E+13;01/05/2025;11/06/2025;11:25:20;Geral;eSocial, REINF RET;Retificadora;Ativa;R$ 2.302,79;R$ 2.302,79
CNPJ;3,60451E+13;01/09/2025;15/10/2025;15:28:07;Geral;eSocial, REINF CP;Retificadora;Ativa;R$ 3.709,77;R$ 3.709,77
CNPJ;3,60451E+13;01/08/2025;29/09/2025;10:44:17;Geral;eSocial, REINF CP, REINF RET, MIT;Retificadora;Ativa;R$ 4.321,56;R$ 0,00
CNPJ;3,60451E+13;01/07/2025;29/08/2025;09:57:39;Geral;eSocial, REINF CP, REINF RET, MIT;Retificadora;Ativa;R$ 4.393,22;R$ 0,00
CNPJ;3,60451E+13;01/06/2025;31/07/2025;09:31:09;Geral;eSocial, REINF CP, MIT;Retificadora;Ativa;R$ 3.621,78;R$ 0,00
CNPJ;3,60451E+13;01/05/2025;26/06/2025;11:04:56;Geral;eSocial, REINF CP, REINF RET, MIT;Retificadora;Ativa;R$ 4.055,37;R$ 0,00
CNPJ;3,70922E+13;01/08/2025;24/09/2025;08:26:34;Geral;MIT;Original;Ativa;R$ 1.062,87;R$ 1.062,87
CNPJ;3,70922E+13;01/06/2025;24/07/2025;09:39:31;Geral;MIT;Original;Ativa;R$ 4.817,14;R$ 4.817,14
CNPJ;3,70922E+13;01/05/2025;19/06/2025;09:26:47;Geral;MIT;Original;Ativa;R$ 1.526,59;R$ 1.526,59
CNPJ;3,65784E+13;01/09/2025;13/10/2025;09:34:55;Geral;eSocial;Original;Ativa;R$ 5.033,30;R$ 5.033,30
CNPJ;3,65784E+13;01/08/2025;27/08/2025;09:17:45;Geral;eSocial;Original;Ativa;R$ 3.797,15;R$ 3.797,15
CNPJ;3,65784E+13;01/07/2025;25/07/2025;10:22:48;Geral;eSocial;Original;Ativa;R$ 3.719,78;R$ 3.719,78
CNPJ;3,65784E+13;01/06/2025;02/07/2025;11:19:37;Geral;eSocial;Original;Ativa;R$ 3.728,12;R$ 3.728,12
CNPJ;3,65784E+13;01/05/2025;12/06/2025;09:40:42;Geral;eSocial;Original;Ativa;R$ 3.250,34;R$ 3.250,34
CNPJ;3,6243E+13;01/06/2025;11/06/2025;09:27:28;Geral;eSocial;Original sem movimento;Ativa;R$ 0,00;R$ 0,00
CNPJ;3,6243E+13;01/05/2025;11/06/2025;09:28:50;Geral;eSocial;Original zerada;Ativa;R$ 0,00;R$ 0,00
CNPJ;3,8712E+13;01/07/2025;22/08/2025;21:45:48;Geral;REINF CP, REINF RET, MIT;Retificadora;Ativa;R$ 17.594,44;R$ 17.594,44
CNPJ;3,8712E+13;01/06/2025;24/07/2025;00:20:43;Geral;REINF CP, REINF RET, MIT;Retificadora;Ativa;R$ 2.713,58;R$ 2.713,58
CNPJ;3,8712E+13;01/05/2025;16/06/2025;23:02:17;Geral;REINF CP, REINF RET;Original;Ativa;R$ 14.676,43;R$ 14.676,43
CNPJ;3,72977E+13;01/09/2025;13/10/2025;17:38:49;Geral;eSocial;Original;Ativa;R$ 6.286,89;R$ 6.286,89
CNPJ;3,72977E+13;01/08/2025;11/09/2025;15:08:47;Geral;eSocial;Original;Ativa;R$ 8.420,33;R$ 8.420,33
CNPJ;3,72977E+13;01/07/2025;15/08/2025;17:03:31;Geral;eSocial, REINF CP, REINF RET;Retificadora;Ativa;R$ 7.572,91;R$ 7.572,91
CNPJ;3,72977E+13;01/06/2025;14/07/2025;11:25:25;Geral;eSocial;Original;Ativa;R$ 6.932,93;R$ 6.932,93
CNPJ;3,72977E+13;01/05/2025;12/06/2025;15:44:23;Geral;eSocial, REINF CP;Retificadora;Ativa;R$ 6.254,30;R$ 6.254,30
CNPJ;3,70936E+13;01/08/2025;23/09/2025;14:23:35;Geral;eSocial, MIT;Retificadora;Ativa;R$ 2.844,72;R$ 2.844,72
CNPJ;3,70936E+13;01/07/2025;21/08/2025;15:47:38;Geral;eSocial, MIT;Retificadora;Ativa;R$ 4.167,39;R$ 4.167,39
CNPJ;3,70936E+13;01/06/2025;25/07/2025;13:56:40;Geral;eSocial, MIT;Retificadora;Ativa;R$ 3.542,65;R$ 3.542,65
CNPJ;3,70936E+13;01/05/2025;10/06/2025;15:11:10;Geral;eSocial, MIT;Retificadora;Ativa;R$ 2.404,41;R$ 2.404,41
CNPJ;3,93114E+13;01/09/2025;25/09/2025;11:17:08;Geral;eSocial;Original;Ativa;R$ 470,58;R$ 470,58
CNPJ;3,93114E+13;01/07/2025;28/07/2025;15:02:28;Geral;eSocial;Original;Ativa;R$ 470,58;R$ 470,58
CNPJ;3,93114E+13;01/06/2025;16/06/2025;08:31:37;Geral;eSocial;Original;Ativa;R$ 470,58;R$ 470,58
CNPJ;3,93114E+13;01/05/2025;21/05/2025;16:14:01;Geral;eSocial;Original;Ativa;R$ 470,58;R$ 470,58
CNPJ;3,92728E+13;01/08/2025;18/09/2025;14:43:29;Geral;eSocial, REINF CP, REINF RET, MIT;Retificadora;Ativa;R$ 232.139,80;R$ 232.009,80
CNPJ;3,92728E+13;01/07/2025;25/08/2025;11:24:01;Geral;eSocial, REINF CP, REINF RET, MIT;Retificadora;Ativa;R$ 873.436,89;R$ 772.497,56
CNPJ;3,92728E+13;01/06/2025;24/07/2025;17:27:04;Geral;eSocial, REINF CP, REINF RET, MIT;Retificadora;Ativa;R$ 463.609,73;R$ 463.414,73
CNPJ;3,92728E+13;01/05/2025;25/06/2025;09:17:06;Geral;eSocial, REINF CP, REINF RET, MIT;Retificadora;Ativa;R$ 719.796,69;R$ 719.638,52
CNPJ;3,92263E+13;01/09/2025;07/10/2025;09:23:07;Geral;eSocial;Original;Ativa;R$ 388,35;R$ 388,35
CNPJ;3,92263E+13;01/08/2025;09/09/2025;15:49:43;Geral;eSocial;Original;Ativa;R$ 388,35;R$ 388,35
CNPJ;3,92263E+13;01/07/2025;04/08/2025;14:36:42;Geral;eSocial;Original;Ativa;R$ 388,35;R$ 388,35
CNPJ;3,92263E+13;01/06/2025;10/07/2025;14:53:18;Geral;eSocial;Original;Ativa;R$ 382,34;R$ 382,34
CNPJ;3,92263E+13;01/05/2025;11/06/2025;16:04:38;Geral;eSocial;Original;Ativa;R$ 231,12;R$ 231,12
CNPJ;3,93774E+13;01/08/2025;29/09/2025;17:45:52;Geral;eSocial, REINF CP, REINF RET, MIT;Retificadora;Ativa;R$ 26.489,15;R$ 26.326,65
CNPJ;3,93774E+13;01/06/2025;29/07/2025;14:11:54;Geral;"eSocial, REINF CP, REINF
RET, MIT";Retificadora;Ativa;R$ 23.639,90;R$ 23.509,90
CNPJ;3,93774E+13;01/05/2025;28/07/2025;09:13:08;Geral;"eSocial, REINF CP, REINF
RET, MIT";Retificadora;Ativa;R$ 26.524,01;R$ 26.394,01
CNPJ;3,93389E+13;01/09/2025;26/09/2025;09:20:37;Geral;eSocial;Original;Ativa;R$ 2.349,90;R$ 2.349,90
CNPJ;3,93389E+13;01/08/2025;26/08/2025;14:07:13;Geral;eSocial;Original;Ativa;R$ 2.168,58;R$ 2.168,58
CNPJ;3,93389E+13;01/07/2025;28/07/2025;11:07:07;Geral;eSocial;Original;Ativa;R$ 2.082,59;R$ 2.082,59
CNPJ;3,93389E+13;01/06/2025;26/06/2025;12:01:37;Geral;eSocial;Original;Ativa;R$ 2.082,59;R$ 2.082,59
CNPJ;3,93389E+13;01/05/2025;23/05/2025;15:21:18;Geral;eSocial;Original;Ativa;R$ 2.082,59;R$ 2.082,59
CNPJ;3,93367E+13;01/08/2025;13/10/2025;16:01:43;Geral;eSocial, REINF RET, MIT;Retificadora;Ativa;R$ 435.579,33;R$ 435.514,33
CNPJ;3,93367E+13;01/07/2025;21/08/2025;13:51:38;Geral;eSocial, REINF RET, MIT;Retificadora;Ativa;R$ 406.327,18;R$ 406.132,18
CNPJ;3,93367E+13;01/06/2025;08/08/2025;17:08:21;Geral;eSocial, REINF RET, MIT;Retificadora;Ativa;R$ 1.459.660,58;R$ 1.459.530,58
CNPJ;3,93367E+13;01/05/2025;11/07/2025;08:54:33;Geral;eSocial, REINF RET, MIT;Retificadora;Ativa;R$ 487.278,94;R$ 487.111,20
CNPJ;3,98117E+13;01/08/2025;23/09/2025;14:11:42;Geral;eSocial, MIT;Retificadora;Ativa;R$ 28.289,83;R$ 28.289,83
CNPJ;3,98117E+13;01/06/2025;28/07/2025;15:20:27;Geral;eSocial, MIT;Retificadora;Ativa;R$ 139.875,81;R$ 139.875,81
CNPJ;3,98117E+13;01/05/2025;23/06/2025;17:52:41;Geral;eSocial, MIT;Retificadora;Ativa;R$ 26.179,51;R$ 26.179,51
CNPJ;3,97856E+13;01/09/2025;17/10/2025;14:34:38;Geral;eSocial, REINF CP, REINF RET;Retificadora;Ativa;R$ 6.136,01;R$ 6.136,01
CNPJ;3,97856E+13;01/08/2025;19/09/2025;09:05:34;Geral;eSocial, REINF CP, REINF RET;Retificadora;Ativa;R$ 7.109,22;R$ 7.109,22
CNPJ;3,97856E+13;01/07/2025;15/09/2025;10:43:25;Geral;eSocial, REINF RET;Retificadora;Ativa;R$ 7.068,30;R$ 7.068,30
CNPJ;3,97856E+13;01/06/2025;30/07/2025;17:51:43;Geral;eSocial, REINF RET, MIT;Retificadora;Ativa;R$ 507.108,12;R$ 507.108,12
CNPJ;3,97856E+13;01/05/2025;21/05/2025;16:12:16;Geral;eSocial;Original;Ativa;R$ 3.616,59;R$ 3.616,59
CNPJ;3,97175E+13;01/08/2025;22/09/2025;09:51:49;Geral;eSocial, REINF CP, MIT;Retificadora;Ativa;R$ 470,58;R$ 470,58
CNPJ;3,97175E+13;01/07/2025;18/08/2025;10:21:15;Geral;eSocial, REINF CP, MIT;Retificadora;Ativa;R$ 470,58;R$ 470,58
CNPJ;3,97175E+13;01/06/2025;21/07/2025;11:52:24;Geral;eSocial, REINF CP, MIT;Retificadora;Ativa;R$ 470,58;R$ 470,58
CNPJ;3,97175E+13;01/05/2025;16/06/2025;11:37:03;Geral;eSocial, REINF CP, MIT;Retificadora;Ativa;R$ 470,58;R$ 470,58
CNPJ;4,14965E+13;01/07/2025;12/08/2025;14:31:12;Geral;eSocial, REINF RET;Retificadora;Ativa;R$ 1.783,97;R$ 1.521,80
CNPJ;4,14965E+13;01/05/2025;11/06/2025;12:11:48;Geral;eSocial;Retificadora;Ativa;R$ 2.731,73;R$ 2.536,73
CNPJ;4,14246E+13;01/09/2025;13/10/2025;11:56:43;Geral;eSocial, REINF RET;Retificadora;Ativa;R$ 7.757,80;R$ 7.757,80
CNPJ;4,14246E+13;01/08/2025;09/09/2025;14:08:48;Geral;eSocial, REINF RET;Retificadora;Ativa;R$ 8.603,39;R$ 8.568,72
CNPJ;4,14246E+13;01/07/2025;12/08/2025;15:14:09;Geral;eSocial, REINF RET;Retificadora;Ativa;R$ 6.900,06;R$ 6.900,06
CNPJ;4,14246E+13;01/06/2025;30/07/2025;16:33:12;Geral;eSocial, REINF CP, REINF RET, MIT;Retificadora;Ativa;R$ 8.447,54;R$ 8.447,54
CNPJ;4,14246E+13;01/05/2025;11/06/2025;10:32:06;Geral;eSocial, REINF RET;Retificadora;Ativa;R$ 6.386,19;R$ 6.386,19
CNPJ;4,01426E+13;01/09/2025;25/09/2025;11:28:13;Geral;eSocial;Original;Ativa;R$ 166,98;R$ 166,98
CNPJ;4,01426E+13;01/08/2025;25/08/2025;08:29:49;Geral;eSocial;Original;Ativa;R$ 166,98;R$ 166,98
CNPJ;4,01426E+13;01/07/2025;28/07/2025;15:02:44;Geral;eSocial;Original;Ativa;R$ 166,98;R$ 166,98
CNPJ;4,01426E+13;01/06/2025;16/06/2025;08:31:07;Geral;eSocial;Original;Ativa;R$ 166,98;R$ 166,98
CNPJ;4,01426E+13;01/05/2025;12/06/2025;09:19:29;Geral;eSocial, REINF CP;Retificadora;Ativa;R$ 166,98;R$ 166,98
CNPJ;4,20812E+13;01/09/2025;06/10/2025;11:38:25;Geral;eSocial;Original;Ativa;R$ 3.192,21;R$ 3.192,21
CNPJ;4,20812E+13;01/08/2025;03/09/2025;11:17:05;Geral;eSocial;Original;Ativa;R$ 2.975,25;R$ 2.975,25
CNPJ;4,20812E+13;01/07/2025;05/08/2025;13:06:42;Geral;eSocial;Original;Ativa;R$ 2.806,17;R$ 2.806,17
CNPJ;4,20812E+13;01/06/2025;31/07/2025;09:10:40;Geral;eSocial;Original;Ativa;R$ 2.780,57;R$ 2.780,57
CNPJ;4,20812E+13;01/05/2025;09/06/2025;10:38:59;Geral;eSocial;Retificadora;Ativa;R$ 2.780,57;R$ 2.780,57
CNPJ;4,16976E+13;01/09/2025;30/09/2025;08:38:44;Geral;eSocial;Original;Ativa;R$ 685,19;R$ 685,19
CNPJ;4,16976E+13;01/08/2025;27/08/2025;18:03:28;Geral;eSocial;Original;Ativa;R$ 631,08;R$ 631,08
CNPJ;4,16976E+13;01/07/2025;29/07/2025;16:04:55;Geral;eSocial;Original;Ativa;R$ 631,08;R$ 631,08
CNPJ;4,16976E+13;01/06/2025;01/07/2025;13:00:06;Geral;eSocial;Original;Ativa;R$ 667,19;R$ 667,19
CNPJ;4,16976E+13;01/05/2025;30/05/2025;12:11:10;Geral;eSocial;Original;Ativa;R$ 613,08;R$ 613,08
CNPJ;4,25694E+13;01/09/2025;14/10/2025;19:33:16;Geral;eSocial, REINF CP;Retificadora;Ativa;R$ 1.103,52;R$ 1.103,52
CNPJ;4,25694E+13;01/07/2025;14/08/2025;10:24:45;Geral;eSocial, REINF CP;Retificadora;Ativa;R$ 986,39;R$ 986,39
CNPJ;4,25694E+13;01/06/2025;15/07/2025;14:31:52;Geral;eSocial, REINF CP;Retificadora;Ativa;R$ 733,76;R$ 733,76
CNPJ;4,25694E+13;01/05/2025;13/06/2025;16:20:15;Geral;eSocial, REINF CP, MIT;Retificadora;Ativa;R$ 794,49;R$ 794,49
CNPJ;4,25323E+13;01/08/2025;11/09/2025;10:36:27;Geral;eSocial;Original;Ativa;R$ 20.724,93;R$ 20.724,93
CNPJ;4,25323E+13;01/07/2025;15/08/2025;09:28:00;Geral;eSocial, REINF RET;Retificadora;Ativa;R$ 18.175,99;R$ 18.175,99
CNPJ;4,25323E+13;01/06/2025;28/07/2025;16:46:56;Geral;eSocial, MIT;Retificadora;Ativa;R$ 92.806,55;R$ 92.806,55
CNPJ;4,25323E+13;01/05/2025;12/06/2025;17:45:06;Geral;eSocial;Original;Ativa;R$ 12.192,15;R$ 12.192,15
CNPJ;4,24528E+13;01/09/2025;06/10/2025;14:30:38;Geral;eSocial;Original;Ativa;R$ 407,35;R$ 407,35
CNPJ;4,24528E+13;01/08/2025;01/09/2025;15:44:28;Geral;eSocial;Retificadora;Ativa;R$ 302,01;R$ 302,01
CNPJ;4,24528E+13;01/07/2025;01/08/2025;10:45:04;Geral;eSocial;Original;Ativa;R$ 282,54;R$ 282,54
CNPJ;4,24528E+13;01/06/2025;02/07/2025;14:32:46;Geral;eSocial;Original;Ativa;R$ 309,19;R$ 309,19
CNPJ;4,24528E+13;01/05/2025;04/06/2025;15:36:55;Geral;eSocial;Original;Ativa;R$ 392,06;R$ 392,06
CNPJ;4,44908E+13;01/08/2025;11/09/2025;15:20:44;Geral;eSocial;"Original sem
movimento";Ativa;R$ 0,00;R$ 0,00
CNPJ;4,44908E+13;01/07/2025;31/07/2025;13:53:29;Geral;eSocial;Original;Ativa;R$ 661,39;R$ 661,39
CNPJ;4,44908E+13;01/06/2025;04/07/2025;15:17:52;Geral;eSocial;Original;Ativa;R$ 1.140,00;R$ 815,00
CNPJ;4,44908E+13;01/05/2025;02/06/2025;10:11:54;Geral;eSocial;Original;Ativa;R$ 1.140,00;R$ 815,00
CNPJ;4,35563E+13;01/06/2025;04/07/2025;15:04:14;Geral;MIT;"Original sem
movimento";Ativa;R$ 0,00;R$ 0,00
CNPJ;4,35563E+13;01/05/2025;24/06/2025;11:23:26;Geral;MIT;"Original sem
movimento";Ativa;R$ 0,00;R$ 0,00
CNPJ;4,33403E+13;01/07/2025;04/08/2025;18:08:12;Geral;REINF RET;"Original sem
movimento";Ativa;R$ 0,00;R$ 0,00
CNPJ;4,25971E+13;01/09/2025;09/10/2025;23:19:24;Geral;eSocial;Original;Ativa;R$ 506,47;R$ 506,47
CNPJ;4,25971E+13;01/08/2025;09/09/2025;12:03:30;Geral;eSocial;Original;Ativa;R$ 559,13;R$ 559,13
CNPJ;4,25971E+13;01/07/2025;28/08/2025;17:59:22;Geral;eSocial;Original;Ativa;R$ 636,76;R$ 636,76
CNPJ;4,25971E+13;01/06/2025;28/07/2025;17:29:15;Geral;eSocial;Original;Ativa;R$ 638,33;R$ 638,33
CNPJ;4,25971E+13;01/05/2025;27/06/2025;14:39:55;Geral;eSocial;Original;Ativa;R$ 1.077,64;R$ 1.077,64
CNPJ;4,74207E+13;01/07/2025;08/08/2025;17:12:03;Geral;eSocial, REINF RET;Retificadora;Ativa;R$ 543,63;R$ 478,63
CNPJ;4,74207E+13;01/05/2025;11/06/2025;08:42:31;Geral;eSocial;Original;Ativa;R$ 544,67;R$ 479,67
CNPJ;4,73062E+13;01/09/2025;25/09/2025;11:27:09;Geral;eSocial;Original;Ativa;R$ 470,58;R$ 470,58
CNPJ;4,73062E+13;01/08/2025;25/08/2025;08:28:44;Geral;eSocial;Original;Ativa;R$ 470,58;R$ 470,58
CNPJ;4,73062E+13;01/07/2025;15/08/2025;14:32:15;Geral;eSocial, REINF RET;Retificadora;Ativa;R$ 470,58;R$ 470,58
CNPJ;4,73062E+13;01/06/2025;30/07/2025;11:46:54;Geral;eSocial, MIT;Retificadora;Ativa;R$ 2.981,03;R$ 2.981,03
CNPJ;4,73062E+13;01/05/2025;21/05/2025;15:57:30;Geral;eSocial;Original;Ativa;R$ 470,58;R$ 470,58
CNPJ;4,67299E+13;01/05/2025;24/06/2025;10:47:02;Geral;MIT;Original sem movimento;Ativa;R$ 0,00;R$ 0,00
CNPJ;4,65289E+13;01/09/2025;;;Geral;MIT;Original;Em andamento;R$ 4.810,72;R$ 4.810,72
CNPJ;4,65289E+13;01/07/2025;15/08/2025;14:20:01;Geral;REINF RET;Original sem movimento;Ativa;R$ 0,00;R$ 0,00
CNPJ;4,65289E+13;01/06/2025;25/07/2025;14:51:10;Geral;MIT;Original;Ativa;R$ 4.211,23;R$ 4.211,23
CNPJ;4,62903E+13;01/07/2025;14/08/2025;17:55:11;Geral;eSocial;Original sem movimento;Ativa;R$ 0,00;R$ 0,00
CNPJ;4,62903E+13;01/05/2025;30/05/2025;12:11:22;Geral;eSocial;Original sem movimento;Ativa;R$ 0,00;R$ 0,00
CNPJ;4,93296E+13;01/08/2025;22/09/2025;14:00:03;Geral;eSocial, REINF RET, MIT;Retificadora;Ativa;R$ 30.005,43;R$ 29.810,43
CNPJ;4,93296E+13;01/07/2025;19/08/2025;14:36:43;Geral;eSocial, REINF RET, MIT;Retificadora;Ativa;R$ 24.870,74;R$ 24.675,74
CNPJ;4,93296E+13;01/06/2025;22/07/2025;09:57:44;Geral;eSocial, REINF RET, MIT;Retificadora;Ativa;R$ 49.649,60;R$ 49.588,93
CNPJ;4,93296E+13;01/05/2025;19/06/2025;08:36:30;Geral;eSocial, MIT;Retificadora;Ativa;R$ 25.551,48;R$ 25.551,48
CNPJ;4,88841E+13;01/09/2025;10/10/2025;11:56:52;Geral;eSocial;Original;Ativa;R$ 7.365,50;R$ 6.845,50
CNPJ;4,88841E+13;01/08/2025;09/09/2025;16:59:25;Geral;eSocial;Original;Ativa;R$ 7.749,02;R$ 7.205,19
CNPJ;4,88841E+13;01/07/2025;12/08/2025;15:28:05;Geral;eSocial;Original;Ativa;R$ 6.510,71;R$ 5.830,38
CNPJ;4,88841E+13;01/06/2025;09/07/2025;18:09:21;Geral;eSocial;Original;Ativa;R$ 5.642,57;R$ 4.942,75
CNPJ;4,88841E+13;01/05/2025;11/06/2025;15:35:54;Geral;eSocial;Original;Ativa;R$ 5.437,76;R$ 4.982,76
CNPJ;5,04858E+13;01/07/2025;08/08/2025;17:25:21;Geral;eSocial, REINF RET;Retificadora;Ativa;R$ 736,31;R$ 671,31
CNPJ;5,04858E+13;01/05/2025;17/06/2025;17:12:53;Geral;eSocial;Original;Ativa;R$ 644,23;R$ 579,23
CNPJ;5,01169E+13;01/09/2025;13/10/2025;12:09:12;Geral;eSocial, REINF RET;Retificadora;Ativa;R$ 8.195,56;R$ 7.441,56
CNPJ;5,01169E+13;01/08/2025;15/09/2025;09:18:35;Geral;"eSocial, REINF CP, REINF
RET";Retificadora;Ativa;R$ 7.945,66;R$ 7.326,00
CNPJ;5,01169E+13;01/07/2025;14/08/2025;17:48:51;Geral;eSocial, REINF RET;Retificadora;Ativa;R$ 8.347,09;R$ 7.377,28
CNPJ;5,01169E+13;01/06/2025;17/07/2025;09:58:45;Geral;eSocial, REINF RET;Retificadora;Ativa;R$ 8.540,36;R$ 6.207,93
CNPJ;5,01169E+13;01/05/2025;16/06/2025;15:47:01;Geral;eSocial, REINF RET;Retificadora;Ativa;R$ 9.135,13;R$ 6.856,86
CNPJ;4,99943E+13;01/09/2025;;;Geral;REINF CP;"Original sem
movimento";Em andamento;R$ 0,00;R$ 0,00
CNPJ;4,99943E+13;01/07/2025;15/09/2025;17:25:50;Geral;REINF CP;"Original sem
movimento";Ativa;R$ 0,00;R$ 0,00
CNPJ;4,99943E+13;01/06/2025;28/07/2025;10:56:09;Geral;MIT;Retificadora;Ativa;R$ 362,70;R$ 362,70
CNPJ;4,94131E+13;01/08/2025;23/09/2025;14:55:04;Geral;MIT;Original;Ativa;R$ 1.086,74;R$ 1.086,74
CNPJ;4,94131E+13;01/07/2025;21/08/2025;17:04:04;Geral;MIT;Original;Ativa;R$ 1.095,13;R$ 1.095,13
CNPJ;4,94131E+13;01/06/2025;28/07/2025;08:55:07;Geral;MIT;Retificadora;Ativa;R$ 5.692,74;R$ 5.692,74
CNPJ;5,18881E+13;01/07/2025;12/08/2025;14:39:43;Geral;REINF RET;Original sem movimento;Ativa;R$ 0,00;R$ 0,00
CNPJ;5,09607E+13;01/09/2025;02/10/2025;09:01:12;Geral;eSocial;Original;Ativa;R$ 927,81;R$ 927,81
CNPJ;5,09607E+13;01/08/2025;04/09/2025;10:47:18;Geral;eSocial;Original;Ativa;R$ 1.043,51;R$ 1.043,51
CNPJ;5,09607E+13;01/07/2025;05/08/2025;11:19:57;Geral;eSocial;Retificadora;Ativa;R$ 977,47;R$ 977,47
CNPJ;5,09607E+13;01/06/2025;16/07/2025;11:24:12;Geral;eSocial;Retificadora;Ativa;R$ 1.108,13;R$ 1.108,13
CNPJ;5,09607E+13;01/05/2025;02/06/2025;12:09:50;Geral;eSocial;Original;Ativa;R$ 1.376,83;R$ 1.376,83
CNPJ;5,05991E+13;01/08/2025;25/08/2025;08:29:18;Geral;eSocial;Original;Ativa;R$ 1.213,84;R$ 1.213,84
CNPJ;5,05991E+13;01/07/2025;15/08/2025;14:30:14;Geral;eSocial, REINF CP, REINF RET;Retificadora;Ativa;R$ 1.213,84;R$ 1.213,84
CNPJ;5,05991E+13;01/06/2025;22/07/2025;10:58:48;Geral;eSocial, MIT;Retificadora;Ativa;R$ 17.838,19;R$ 17.838,19
CNPJ;5,05991E+13;01/05/2025;19/06/2025;11:05:10;Geral;eSocial, MIT;Retificadora;Ativa;R$ 1.213,84;R$ 1.213,84
CNPJ;5,56755E+13;01/07/2025;21/08/2025;10:40:25;Geral;REINF RET, MIT;Retificadora;Ativa;R$ 2.353,51;R$ 2.353,51
CNPJ;5,56755E+13;01/05/2025;23/06/2025;19:36:35;Geral;MIT;Original;Ativa;R$ 644,37;R$ 644,37
CNPJ;5,54024E+13;01/09/2025;15/09/2025;12:09:33;Geral;eSocial;Original;Ativa;R$ 1.105,99;R$ 1.105,99
CNPJ;5,54024E+13;01/08/2025;22/08/2025;12:38:44;Geral;eSocial;Original;Ativa;R$ 1.105,99;R$ 1.105,99
CNPJ;5,54024E+13;01/07/2025;31/07/2025;17:58:01;Geral;eSocial;Retificadora;Ativa;R$ 1.105,99;R$ 1.105,99
CNPJ;5,54024E+13;01/06/2025;27/06/2025;09:40:56;Geral;eSocial;Original;Ativa;R$ 1.082,01;R$ 1.082,01
CNPJ;5,54024E+13;01/05/2025;17/06/2025;17:20:35;Geral;eSocial;Original;Ativa;R$ 975,76;R$ 975,76
CNPJ;5,53711E+13;01/07/2025;04/08/2025;11:18:05;Geral;REINF RET;Original sem movimento;Ativa;R$ 0,00;R$ 0,00
CNPJ;5,2945E+13;01/09/2025;13/10/2025;09:38:09;Geral;eSocial;Original;Ativa;R$ 2.672,86;R$ 1.460,80
CNPJ;5,2945E+13;01/08/2025;05/09/2025;16:07:28;Geral;eSocial;Original;Ativa;R$ 3.296,15;R$ 1.807,91
CNPJ;5,2945E+13;01/07/2025;12/08/2025;14:28:48;Geral;eSocial, REINF RET;Retificadora;Ativa;R$ 2.378,59;R$ 80,74
CNPJ;5,2945E+13;01/06/2025;03/07/2025;16:45:35;Geral;eSocial;Original;Ativa;R$ 1.822,47;R$ 111,17
CNPJ;5,2945E+13;01/05/2025;06/06/2025;15:01:56;Geral;eSocial;Original;Ativa;R$ 1.706,18;R$ 0,00
CNPJ;5,78871E+13;01/06/2025;04/07/2025;09:20:06;Geral;MIT;Original;Ativa;R$ 23.881,12;R$ 23.881,12
CNPJ;5,69383E+13;01/09/2025;25/09/2025;11:27:21;Geral;eSocial;Original;Ativa;R$ 166,98;R$ 166,98
CNPJ;5,69383E+13;01/08/2025;25/08/2025;08:29:49;Geral;eSocial;Original;Ativa;R$ 166,98;R$ 166,98
CNPJ;5,69383E+13;01/07/2025;11/08/2025;13:20:38;Geral;eSocial, REINF RET;Retificadora;Ativa;R$ 166,98;R$ 166,98
CNPJ;5,69383E+13;01/06/2025;16/06/2025;08:31:09;Geral;eSocial;Original;Ativa;R$ 166,98;R$ 166,98
CNPJ;5,69383E+13;01/05/2025;21/05/2025;16:08:13;Geral;eSocial;Original;Ativa;R$ 166,98;R$ 166,98
CNPJ;5,61581E+13;01/09/2025;15/10/2025;16:16:49;Geral;eSocial, REINF RET;Retificadora;Ativa;R$ 1.494,80;R$ 1.429,80
CNPJ;5,61581E+13;01/08/2025;15/09/2025;10:25:02;Geral;eSocial, REINF CP, REINF RET;Retificadora;Ativa;R$ 1.256,85;R$ 1.191,85
CNPJ;5,61581E+13;01/07/2025;20/08/2025;09:47:43;Geral;eSocial, REINF RET;Retificadora;Ativa;R$ 1.212,61;R$ 1.212,61
CNPJ;5,61581E+13;01/06/2025;31/07/2025;09:47:10;Geral;eSocial, REINF RET;Retificadora;Ativa;R$ 991,75;R$ 991,75
CNPJ;5,61581E+13;01/05/2025;23/06/2025;13:12:50;Geral;eSocial, REINF RET;Retificadora;Ativa;R$ 930,92;R$ 930,92
CNPJ;5,87631E+13;01/07/2025;26/08/2025;08:10:24;Geral;eSocial, REINF RET, MIT;Retificadora;Ativa;R$ 163.543,32;R$ 163.543,32
CNPJ;5,87631E+13;01/05/2025;26/06/2025;14:13:22;Geral;eSocial, REINF RET, MIT;Retificadora;Ativa;R$ 156.179,56;R$ 156.179,56
CNPJ;5,84581E+13;01/07/2025;05/08/2025;16:39:46;Geral;REINF RET;Original sem movimento;Ativa;R$ 0,00;R$ 0,00
CNPJ;5,82778E+13;01/06/2025;17/07/2025;10:36:13;Geral;REINF CP, MIT;Retificadora sem movimento;Ativa;R$ 0,00;R$ 0,00
CNPJ;5,82778E+13;01/05/2025;12/06/2025;11:48:02;Geral;REINF CP, MIT;Retificadora sem movimento;Ativa;R$ 0,00;R$ 0,00
CNPJ;5,8072E+13;01/06/2025;17/07/2025;11:06:44;Geral;REINF CP, MIT;Retificadora sem movimento;Ativa;R$ 0,00;R$ 0,00
CNPJ;5,8072E+13;01/05/2025;16/07/2025;09:23:33;Geral;REINF CP, MIT;Retificadora sem movimento;Ativa;R$ 0,00;R$ 0,00
CNPJ;5,80502E+13;01/06/2025;17/07/2025;10:37:31;Geral;REINF CP, MIT;Retificadora sem movimento;Ativa;R$ 0,00;R$ 0,00
CNPJ;5,80502E+13;01/05/2025;27/06/2025;10:02:45;Geral;REINF CP, MIT;Retificadora sem movimento;Ativa;R$ 0,00;R$ 0,00
CNPJ;5,91609E+13;01/09/2025;20/10/2025;17:50:16;Geral;MIT;Original;Ativa;R$ 171,25;R$ 171,25
CNPJ;5,91609E+13;01/08/2025;22/09/2025;12:44:27;Geral;MIT;Original;Ativa;R$ 811,55;R$ 811,55
CNPJ;5,91609E+13;01/07/2025;27/08/2025;16:45:50;Geral;MIT;Original sem movimento;Ativa;R$ 0,00;R$ 0,00
CNPJ;5,91609E+13;01/06/2025;01/07/2025;10:33:18;Geral;MIT;Original sem movimento;Ativa;R$ 0,00;R$ 0,00
CNPJ;5,91609E+13;01/05/2025;19/06/2025;11:00:40;Geral;MIT;Original sem movimento;Ativa;R$ 0,00;R$ 0,00
CNPJ;5,90002E+13;01/09/2025;20/10/2025;15:05:53;Geral;MIT;Original;Ativa;R$ 1.419,33;R$ 1.419,33
CNPJ;5,90002E+13;01/08/2025;19/09/2025;13:59:19;Geral;REINF CP;Original sem movimento;Ativa;R$ 0,00;R$ 0,00
CNPJ;5,90002E+13;01/07/2025;20/10/2025;14:57:36;Geral;REINF RET, MIT;Retificadora;Ativa;R$ 388,37;R$ 388,37
CNPJ;5,90002E+13;01/06/2025;20/10/2025;14:59:38;Geral;MIT;Retificadora;Ativa;R$ 1.334,50;R$ 1.334,50
CNPJ;5,90002E+13;01/05/2025;20/10/2025;14:59:07;Geral;MIT;Retificadora;Ativa;R$ 355,91;R$ 355,91
CNPJ;4,08912E+13;01/09/2025;24/09/2025;17:18:46;"Aferiçăo - CNO
90.012.36181/77";SERO;Original;Ativa;R$ 56.811,22;R$ 56.811,22
CNPJ;6,27711E+13;01/09/2025;25/09/2025;14:31:23;Geral;eSocial;"Original sem
movimento";Ativa;R$ 0,00;R$ 0,00
CNPJ;6,12151E+13;01/09/2025;29/09/2025;16:19:21;Geral;eSocial;Retificadora;Ativa;R$ 941,16;R$ 941,16
CNPJ;6,12151E+13;01/06/2025;26/06/2025;09:37:47;Geral;eSocial;"Original sem
movimento";Ativa;R$ 0,00;R$ 0,00
CNPJ;5,95808E+13;01/05/2025;02/06/2025;14:14:07;Geral;REINF CP, MIT;"Retificadora sem
movimento";Ativa;R$ 0,00;R$ 0,00
CNPJ;5,92674E+13;01/09/2025;20/10/2025;14:22:54;Geral;eSocial, MIT;Retificadora;Ativa;R$ 13.118,18;R$ 13.118,18
CNPJ;5,92674E+13;01/08/2025;10/09/2025;09:44:24;Geral;eSocial, MIT;Retificadora;Ativa;R$ 2.749,79;R$ 2.749,79
CNPJ;5,92674E+13;01/07/2025;18/08/2025;17:32:46;Geral;"eSocial, REINF CP, REINF
RET, MIT";Retificadora;Ativa;R$ 2.749,79;R$ 2.749,79
CNPJ;5,92674E+13;01/06/2025;22/07/2025;09:20:59;Geral;eSocial, MIT;Retificadora;Ativa;R$ 13.118,01;R$ 13.118,01
CNPJ;5,92674E+13;01/05/2025;12/06/2025;15:34:44;Geral;eSocial, MIT;Retificadora;Ativa;R$ 2.749,79;R$ 2.749,79
CNPJ;5,91612E+13;01/06/2025;17/07/2025;10:51:13;Geral;REINF CP, MIT;"Retificadora sem
movimento";Ativa;R$ 0,00;R$ 0,00
CNPJ;5,91612E+13;01/05/2025;17/07/2025;10:51:13;Geral;REINF CP, MIT;"Retificadora sem
movimento";Ativa;R$ 0,00;R$ 0,00
